date,company_name,currency,total_assets,current_assets,total_liabilities,current_liabilities,total_debt,shareholder_equity,dividends_paid,net_income,operation_cash_flow,revenue,working_capital,country,debt_to_assets,debt_to_equity,roa,debt_change,log_total_assets
2019-03-31,APEI,USD,377747000.0,238444000.0,56294000.0,40530000.0,11613000.0,321453000.0,0.0,1011000.0,7895000.0,73441000.0,197914000.0,USA,0.030742798751545345,,0.0026763945180239682,,19.749735217325163
2019-06-30,APEI,USD,376084000.0,239951000.0,57628000.0,42191000.0,11145000.0,318456000.0,0.0,4921000.0,15825000.0,70560000.0,197760000.0,USA,0.029634337009816956,,0.013084842747896747,-468000.0,19.745323080658473
2019-09-30,APEI,USD,361106000.0,230010000.0,60328000.0,45697000.0,10669000.0,300778000.0,0.0,-1638000.0,8216000.0,67888000.0,184313000.0,USA,0.029545341257137793,,-0.0045360642027548696,-476000.0,19.704682102005517
2019-12-31,APEI,USD,354897000.0,222909000.0,58164000.0,45278000.0,11778000.0,296733000.0,0.0,5719000.0,6434000.0,74381000.0,177631000.0,USA,0.03318709372014979,,0.016114534639627837,1109000.0,19.68733816449562
2020-03-31,APEI,USD,345259000.0,215505000.0,59910000.0,45751000.0,11222000.0,285349000.0,0.0,2420000.0,11522000.0,74616000.0,169754000.0,USA,0.0325031353273919,,0.007009230751406915,-556000.0,19.65980541798053
2020-06-30,APEI,USD,361701000.0,234987000.0,68090000.0,53852000.0,10656000.0,293611000.0,0.0,6689000.0,20223000.0,82127000.0,181135000.0,USA,0.029460797730722337,,0.01849317530225241,-566000.0,19.70632846164065
2020-09-30,APEI,USD,370199000.0,247632000.0,72155000.0,59793000.0,9471000.0,298044000.0,0.0,2642000.0,12988000.0,79133000.0,187839000.0,USA,0.025583537502802546,,0.00713670215208577,-1185000.0,19.72955125685745
2020-12-31,APEI,USD,371018000.0,251810000.0,64093000.0,55058000.0,8847000.0,306925000.0,0.0,7071000.0,77000.0,85909000.0,196752000.0,USA,0.02384520427580333,,0.019058374526303306,-624000.0,19.731761136914987
2021-03-31,APEI,USD,463199000.0,343556000.0,62555000.0,50490000.0,10004000.0,400644000.0,0.0,8107000.0,11226000.0,88541000.0,293066000.0,USA,0.021597628665001437,,0.017502196680044647,1157000.0,19.953667325326084
2021-06-30,APEI,USD,468916000.0,350467000.0,65791000.0,54330000.0,9376000.0,403125000.0,0.0,531000.0,-2328000.0,78014000.0,296137000.0,USA,0.0199950524187701,,0.0011323989797746292,-628000.0,19.96593420589182
2021-09-30,APEI,USD,723187000.0,189908000.0,318749000.0,90129000.0,249382000.0,404438000.0,0.0,-267000.0,-8319000.0,98248000.0,99779000.0,USA,0.3448375039927432,,-0.00036919911447523253,240006000.0,20.39917839121696
2021-12-31,APEI,USD,725608000.0,202637000.0,309996000.0,83678000.0,243714000.0,415612000.0,0.0,9381000.0,15686000.0,154000000.0,118959000.0,USA,0.3358755691778481,,0.012928468263855967,-5668000.0,20.402520482062748
2022-03-31,APEI,USD,771410000.0,224900000.0,348229000.0,93702000.0,270237000.0,423181000.0,0.0,5333000.0,25255000.0,154747000.0,131198000.0,USA,0.350315655747268,,0.006913314579795439,26523000.0,20.463730567097468
2022-06-30,APEI,USD,662068000.0,230736000.0,346066000.0,95055000.0,274463000.0,316002000.0,0.0,-110029000.0,20136000.0,149608000.0,135681000.0,USA,0.4145540941413873,,-0.16618987777690508,4226000.0,20.310878827659277
2022-09-30,APEI,USD,660827000.0,228673000.0,345475000.0,95838000.0,272725000.0,315352000.0,1488000.0,-3762000.0,6854000.0,149535000.0,132835000.0,USA,0.412702568145672,,-0.005692866665556946,-1738000.0,20.309002638900477
2022-12-31,APEI,USD,615056000.0,186091000.0,265329000.0,70758000.0,208967000.0,349727000.0,1488000.0,-6535000.0,-23030000.0,152438000.0,115333000.0,USA,0.3397528029968003,,-0.01062504877604641,-63758000.0,20.237223878535932
2023-03-31,APEI,USD,618522000.0,195857000.0,275609000.0,79326000.0,209800000.0,342913000.0,1455000.0,-5740000.0,12758000.0,149689000.0,116531000.0,USA,0.33919569554518675,,-0.009280187285173365,833000.0,20.242843319091467
2023-06-30,APEI,USD,558807000.0,188976000.0,273927000.0,79190000.0,208769000.0,284880000.0,1488000.0,-51232000.0,15741000.0,147214000.0,109786000.0,USA,0.3735976822051263,,-0.09168102761776427,-1031000.0,20.141314712111857
2023-09-30,APEI,USD,555271000.0,203125000.0,273881000.0,82276000.0,205812000.0,281390000.0,1523000.0,-3328000.0,20158000.0,150838000.0,120849000.0,USA,0.3706514476714973,,-0.005993469855259864,-2957000.0,20.13496684082506
2023-12-31,APEI,USD,557386000.0,217382000.0,265410000.0,73989000.0,204730000.0,291976000.0,1539000.0,13014000.0,-3143000.0,152804000.0,143393000.0,USA,0.367303807415328,,0.02334827211304195,-1082000.0,20.13876855608385
2024-03-31,APEI,USD,558980000.0,223757000.0,270507000.0,79625000.0,204129000.0,288473000.0,1535000.0,516000.0,20744000.0,154432000.0,144132000.0,USA,0.36518122294178684,,0.0009231099502665569,-601000.0,20.141624252304005
2024-06-30,APEI,USD,560703000.0,223495000.0,272008000.0,78875000.0,205382000.0,288695000.0,1531000.0,371000.0,12454000.0,152895000.0,144620000.0,USA,0.366293741963214,,0.0006616693686318782,1253000.0,20.144701911534376
2024-09-30,APEI,USD,569588000.0,236501000.0,279170000.0,89408000.0,203300000.0,290418000.0,1531000.0,2262000.0,14075000.0,153122000.0,147093000.0,USA,0.35692465431153747,,0.003971291530018188,-2082000.0,20.16042385042439
2024-12-31,APEI,USD,570103000.0,260572000.0,266224000.0,79155000.0,200622000.0,303879000.0,1459000.0,12964000.0,1599000.0,164110000.0,181417000.0,USA,0.351904831232251,,0.022739750536306596,-2678000.0,20.16132760422266
2025-03-31,APEI,USD,578661000.0,272508000.0,268649000.0,83431000.0,198707000.0,310012000.0,1432000.0,8893000.0,36998000.0,164551000.0,189077000.0,USA,0.34339103551129246,,0.015368238053022409,-1915000.0,20.176227371841783
2025-06-30,APEI,USD,537369000.0,234958000.0,265129000.0,82907000.0,195669000.0,272240000.0,1319000.0,4496000.0,14809000.0,162766000.0,152051000.0,USA,0.3641240934999972,,0.008366690300333662,-3038000.0,20.102195567331087
2010-03-31,ATGE,USD,1880227000.0,768583000.0,748103000.0,648763000.0,44757000.0,1127606000.0,7123000.0,80900000.0,214044000.0,,119820000.0,USA,0.023804040682321868,0.03969205555841313,0.04302671964608529,,21.354658351180067
2015-09-30,ATGE,USD,2136742000.0,718114000.0,589721000.0,439400000.0,99100000.0,1543369000.0,0.0,5386000.0,116581000.0,,278714000.0,USA,0.046379020022070984,0.06421017916000646,0.002520659958010841,54343000.0,21.48254807599965
2016-09-30,ATGE,USD,2324356000.0,423658000.0,717635000.0,444840000.0,130000000.0,1601678000.0,0.0,25149000.0,97768000.0,,-21182000.0,USA,0.05592947035652026,0.08116487833384738,0.010819771153816368,30900000.0,21.566708848369814
2016-12-31,ATGE,USD,2301433000.0,427433000.0,689800000.0,325556000.0,225000000.0,1604913000.0,11412000.0,14755000.0,-62849000.0,,101877000.0,USA,0.09776517500183582,0.1401945152167127,0.006411222920675944,95000000.0,21.55679780934877
2017-03-31,ATGE,USD,2317809000.0,428592000.0,656885000.0,402165000.0,120000000.0,1654324000.0,2000.0,40022000.0,134534000.0,,26427000.0,USA,0.051773032204120356,0.07253718135020709,0.017267169123944208,-105000000.0,21.56388817984952
2017-06-30,ATGE,USD,2314035000.0,471207000.0,638711000.0,377327000.0,125000000.0,1669039000.0,2000.0,43354000.0,58511000.0,,93880000.0,USA,0.054018197650424475,0.07489339673908159,0.018735239527492023,5000000.0,21.562258590927623
2017-09-30,ATGE,USD,2383596000.0,541626000.0,718991000.0,450518000.0,135000000.0,1658039000.0,0.0,12916000.0,90337000.0,,91108000.0,USA,0.0566371146788298,0.08142148646684427,0.00541870350512419,10000000.0,21.591876108701776
2017-12-31,ATGE,USD,2210722000.0,469809000.0,683358000.0,296819000.0,165000000.0,1519959000.0,0.0,-45974000.0,-40724000.0,,172990000.0,USA,0.07463625005767346,0.10855555972233462,-0.02079592097061503,30000000.0,21.51658499595486
2018-03-31,ATGE,USD,2287305000.0,539340000.0,717627000.0,378626000.0,120000000.0,1558287000.0,0.0,44513000.0,133651000.0,,160714000.0,USA,0.05246348869083922,0.07700763723242253,0.01946089393412772,-45000000.0,21.550640105578672
2018-06-30,ATGE,USD,2344961000.0,688000000.0,816565000.0,365781000.0,293073000.0,1520077000.0,0.0,102988000.0,55925000.0,,322219000.0,USA,0.12497990371694881,0.19280141729662378,0.04391885408755199,173073000.0,21.57553460757629
2018-09-30,ATGE,USD,2349865000.0,739386000.0,901016000.0,459086000.0,292579000.0,1440035000.0,0.0,-4878000.0,78014000.0,,280300000.0,USA,0.12450885476399708,0.20317492283173672,-0.0020758639326088945,-494000.0,21.57762371664384
2018-12-31,ATGE,USD,2122223000.0,506549000.0,683925000.0,244310000.0,292084000.0,1429647000.0,0.0,52629000.0,-54993000.0,,262239000.0,USA,0.1376311537477447,0.20430497878147544,0.024798996146964764,-495000.0,21.475729961154855
2019-03-31,ATGE,USD,2148703000.0,540091000.0,735634000.0,309205000.0,291589000.0,1404587000.0,0.0,36213000.0,105514000.0,,230886000.0,USA,0.13570465531997675,0.2075976781787102,0.01685342273920593,-495000.0,21.48813024124003
2019-06-30,ATGE,USD,2242696000.0,504700000.0,841623000.0,311631000.0,401094000.0,1391530000.0,0.0,52060000.0,76323000.0,,193069000.0,USA,0.1788445692149092,0.2882395636457712,0.02321313276520759,109505000.0,21.530944550530474
2019-09-30,ATGE,USD,2460324000.0,456113000.0,1129944000.0,412475000.0,576712000.0,1327193000.0,0.0,17408000.0,47468000.0,,43638000.0,USA,0.23440489951729934,0.43453514296714946,0.007075490870308138,175618000.0,21.623558885535108
2019-12-31,ATGE,USD,2390610000.0,389929000.0,1092616000.0,304188000.0,648136000.0,1294912000.0,0.0,1303000.0,-61142000.0,,85741000.0,USA,0.27111741354716995,0.5005251322097564,0.0005450491715503574,71424000.0,21.594814400449685
2020-03-31,ATGE,USD,2444020000.0,544266000.0,1146499000.0,344686000.0,680731000.0,1294559000.0,0.0,153431000.0,119205000.0,,199580000.0,USA,0.27852922643840883,0.5258400737239477,0.06277812783856106,32595000.0,21.616910061528333
2020-06-30,ATGE,USD,2228687000.0,692766000.0,915414000.0,345983000.0,516791000.0,1310421000.0,0.0,71395000.0,2161000.0,,346783000.0,USA,0.2318813723057567,0.39437020621617025,0.032034556669465024,-163940000.0,21.524678459776318
2020-09-30,ATGE,USD,2329897000.0,768473000.0,996165000.0,409937000.0,530125000.0,1330971000.0,0.0,27446000.0,79927000.0,,358536000.0,USA,0.22753151748768294,0.39829943702755355,0.011779919884870448,13334000.0,21.569089897538323
2020-12-31,ATGE,USD,2244664000.0,680447000.0,928290000.0,340743000.0,534921000.0,1313779000.0,0.0,31588000.0,-16534000.0,,339704000.0,USA,0.2383078269175253,0.4071620873830378,0.014072484790596721,4796000.0,21.53182168101529
2021-03-31,ATGE,USD,3031000000.0,1497278000.0,1722283000.0,382205000.0,1289861000.0,1306224000.0,0.0,29707000.0,80770000.0,,1115073000.0,USA,0.42555625206202574,0.9874730520951996,0.00980105575717585,754940000.0,21.832158435022077
2021-06-30,ATGE,USD,3053836000.0,1514953000.0,1750976000.0,408807000.0,1293895000.0,1301070000.0,0.0,12861000.0,48036000.0,,1106146000.0,USA,0.4236949855853425,0.9944853082462896,0.004211424582066621,4034000.0,21.839664342235462
2021-09-30,ATGE,USD,3768190000.0,709257000.0,2501219000.0,635695000.0,1828317000.0,1265181000.0,0.0,-40634000.0,40864000.0,,73562000.0,USA,0.4851976678458358,1.4451031117286774,-0.010783426525732514,534422000.0,22.0498606170177
2021-12-31,ATGE,USD,3659773000.0,610507000.0,2370093000.0,497475000.0,1818710000.0,1287890000.0,0.0,2486000.0,-39770000.0,,113032000.0,USA,0.49694612206822664,1.4121625294085676,0.0006792771027055503,-9607000.0,22.02066696057833
2022-03-31,ATGE,USD,3518460000.0,1010996000.0,2027153000.0,521206000.0,1465650000.0,1491307000.0,0.0,5857000.0,50388000.0,,489790000.0,USA,0.4165600859466926,0.9827956282643345,0.0016646487383684908,-353060000.0,21.981289230825368
2022-06-30,ATGE,USD,3029175000.0,556039000.0,1524108000.0,417527000.0,1066734000.0,1505067000.0,0.0,2464000.0,-41058000.0,,138512000.0,USA,0.35215330906930103,0.7087618026307134,0.0008134227966360478,-398916000.0,21.83155614216579
2022-09-30,ATGE,USD,2996049000.0,569922000.0,1486010000.0,490549000.0,956601000.0,1510039000.0,3486000.0,5846000.0,91394000.0,,79373000.0,USA,0.3192875016396594,0.6334942342548768,0.001951236445064817,-110133000.0,21.820560257607827
2022-12-31,ATGE,USD,2843038000.0,423116000.0,1320316000.0,371462000.0,908722000.0,1522722000.0,284000.0,23617000.0,-49980000.0,,51654000.0,USA,0.3196306204841441,0.5967747231602354,0.008306958964319154,-47879000.0,21.768139035688453
2023-03-31,ATGE,USD,2867117000.0,533034000.0,1356732000.0,437920000.0,905025000.0,1510385000.0,0.0,48739000.0,108003000.0,,95114000.0,USA,0.3156568078665782,0.5992015280872095,0.016999306271770563,-3697000.0,21.776572832223202
2023-06-30,ATGE,USD,2810541000.0,478539000.0,1353205000.0,431203000.0,896191000.0,1457336000.0,153262000.0,23550000.0,53491000.0,,47336000.0,USA,0.3188677909342009,0.6149515279935444,0.008379169704338062,-8834000.0,21.75664282845157
2023-09-30,ATGE,USD,2794161000.0,472928000.0,1415498000.0,495635000.0,891929000.0,1378663000.0,0.0,11959000.0,95073000.0,,-22707000.0,USA,0.319211741914657,0.6469521558205305,0.0042799967503662105,-4262000.0,21.750797719599895
2023-12-31,ATGE,USD,2700925000.0,378099000.0,1331526000.0,398573000.0,896572000.0,1369399000.0,0.0,37713000.0,-7101000.0,,-20474000.0,USA,0.3319499800994104,0.6547193330796941,0.01396299415940835,4643000.0,21.716860143877845
2024-03-31,ATGE,USD,2715034000.0,387634000.0,1394071000.0,509110000.0,840298000.0,1320963000.0,0.0,37441000.0,153639000.0,,-121476000.0,USA,0.30949814993108743,0.6361253116097877,0.01379025087715292,-56274000.0,21.722070313274155
2024-06-30,ATGE,USD,2741417000.0,418085000.0,1372282000.0,487657000.0,847853000.0,1369135000.0,0.0,50600000.0,40570000.0,,-69572000.0,USA,0.3092754586405498,0.6192617966818466,0.01845760787213328,7555000.0,21.731740776953387
2024-09-30,ATGE,USD,2817707000.0,516914000.0,1427755000.0,551309000.0,843341000.0,1389952000.0,0.0,46245000.0,89316000.0,,-34395000.0,USA,0.2993004595580733,0.6067410960954047,0.016412281333722776,-4512000.0,21.759189270567216
2024-12-31,ATGE,USD,2722955000.0,407085000.0,1284045000.0,384554000.0,864608000.0,1438910000.0,0.0,71176000.0,-19019000.0,,22531000.0,USA,0.31752562932549383,0.60087705276911,0.02613924945509566,21267000.0,21.724983524610916
2025-03-31,ATGE,USD,2789759000.0,450343000.0,1357046000.0,540569000.0,780528000.0,1432713000.0,0.0,60794000.0,207910000.0,,-90226000.0,USA,0.2797833074469874,0.5447901987348478,0.02179184653584772,-84080000.0,21.749221049120408
2025-06-30,ATGE,USD,2752352000.0,416190000.0,1318727000.0,507927000.0,774000000.0,1433625000.0,0.0,54462000.0,59692000.0,,-91737000.0,USA,0.281214030763507,0.5398901386345801,0.019787439978607387,-6528000.0,21.735721655814853
2010-12-31,COGNA EDUCAÇÃO S.A.,BRL,1972113606.3408191,361934670.3494656,1972113606.3408191,240965533.80569237,164412753.69280654,1470234177.9752612,0.0,0.0,0.0,0.0,201462000.0,Brazil,0.08336880449695191,0.11182759600870401,0.0,,21.402371701173777
2011-03-31,COGNA EDUCAÇÃO S.A.,BRL,696038454.4505191,150015971.49702072,696038454.4505191,86780514.77363475,57905891.02524725,521401806.0077401,0.0,19814484.919221085,7112844.769334726,119792984.82707784,102941000.0,Brazil,0.08319352279316307,0.11105809446388387,0.028467514679003533,-106506862.6675593,20.36091546741973
2011-06-30,COGNA EDUCAÇÃO S.A.,BRL,738587451.1311927,167695955.90591553,738587451.1311927,104787540.8575274,55554060.11664423,540024354.2908415,0.0,10091649.041850926,10621034.416458374,333043004.550407,98156000.0,Brazil,0.07521663146531901,0.10287324946593876,0.013663445034700952,-2351830.90860302,20.4202500701642
2011-09-30,COGNA EDUCAÇÃO S.A.,BRL,796563444.1087613,293821212.7751403,796563444.1087613,73886491.15235218,8628614.587829089,659514458.3513163,0.0,35231441.51920587,12948316.78895123,387023629.6935693,407671000.0,Brazil,0.010832300492377295,0.013083283434603216,0.044229297464968065,-46925445.52881514,20.495817337762738
2011-12-31,COGNA EDUCAÇÃO S.A.,BRL,4740439443.229694,731367393.7390007,4740439443.229694,933841395.1255932,1222584928.8037972,2360403711.802037,0.0,0.0,0.0,0.0,-379659000.0,Brazil,0.25790539958271075,0.5179558575894722,0.0,1213956314.2159681,22.27939567789826
2012-03-31,COGNA EDUCAÇÃO S.A.,BRL,1873776008.7839687,494431512.4897063,1873776008.7839687,194050507.8232226,327285204.50178427,1183898984.3535547,0.0,46542959.09964315,27100192.14932748,186987098.54515508,547144000.0,Brazil,0.17466613029920464,0.2764469003075394,0.02483912638514798,-895299724.3020129,21.351221487889934
2012-06-30,COGNA EDUCAÇÃO S.A.,BRL,1884073340.9214628,293059335.8737071,1884073340.9214628,214098579.7001039,282468946.40471125,1084315336.2696097,0.0,74064433.1172366,53741772.65304102,479868857.326669,159556000.0,Brazil,0.1499246023334534,0.26050442796142165,0.039310801500441146,-44816258.09707302,21.35670194064516
2012-09-30,COGNA EDUCAÇÃO S.A.,BRL,1945359605.9113305,326213793.10344833,1945359605.9113305,230494581.2807882,286223152.70935965,1115581280.7881775,0.0,117749753.6945813,116941871.92118227,702512315.270936,194310000.0,Brazil,0.14713123056509364,0.25656862268891606,0.060528528163521625,3754206.3046483994,21.38871268428527
2012-12-31,COGNA EDUCAÇÃO S.A.,BRL,5556689020.510059,793787752.7044888,5556689020.510059,541226198.0517892,832747075.2361839,3298552058.3484263,0.0,0.0,0.0,0.0,515958000.0,Brazil,0.1498638977568236,0.2524583697651683,0.0,546523922.5268242,22.438268267920147
2013-03-31,COGNA EDUCAÇÃO S.A.,BRL,1955100337.770713,343456685.87323666,1955100337.770713,181900953.70554343,286003377.70713294,1195036757.4011524,0.0,85591595.46989867,65690939.79733758,248216769.3224717,325244000.0,Brazil,0.14628577990695144,0.23932600895817194,0.043778620368657796,-546743697.529051,21.39370735273461
2013-06-30,COGNA EDUCAÇÃO S.A.,BRL,1764141309.2550793,318553498.8713319,1764141309.2550793,157000902.93453726,251468623.02483076,1113815349.8871334,-45563882.61851016,167646049.66139957,153122799.09706548,660389164.7855531,357839000.0,Brazil,0.14254448989180754,0.22577227280115408,0.09502983053675516,-34534754.68230218,21.290929898610052
2013-09-30,COGNA EDUCAÇÃO S.A.,BRL,1798214317.7536557,356071588.7682784,1798214317.7536557,162668430.96797344,254713824.347358,1146275231.0038574,-55870637.83977752,236704494.48282048,235528393.28967437,903156903.2026554,431173000.0,Brazil,0.14164820168129272,0.22221000459400211,0.13163308296783763,3245201.32252723,21.310059963753105
2013-12-31,COGNA EDUCAÇÃO S.A.,BRL,5225228864.2186165,1069699829.205807,5225228864.2186165,613695986.3364645,707460717.3356105,3354426558.4970107,0.0,0.0,0.0,0.0,1067961000.0,Brazil,0.13539324988808973,0.2109036239125761,0.0,452746892.9882525,22.376764435602347
2014-03-31,COGNA EDUCAÇÃO S.A.,BRL,1911694660.5374825,470553394.6251768,1911694660.5374825,197412482.3196605,250793847.24186704,1281512553.0410185,0.0,121444925.74257426,80436704.38472418,297933610.3253182,617954000.0,Brazil,0.1311892805995258,0.19570143628069453,0.06352736566645502,-456666870.09374344,21.37125594245119
2014-06-30,COGNA EDUCAÇÃO S.A.,BRL,1978236523.002861,486795948.9531768,1978236523.002861,198786956.71919703,181653571.91516417,1413175439.3932512,-42234888.05122848,368989054.90712565,202155411.2357509,964603751.3056904,634167000.0,Brazil,0.09182601261421633,0.12854283116691964,0.1865242354069064,-69140275.32670286,21.405471639844937
2014-09-30,COGNA EDUCAÇÃO S.A.,BRL,6201803787.136794,597839128.3055828,6201803787.136794,417288197.8452497,527557541.625857,4557850555.011427,-256361002.28534117,395696212.863206,351802970.9435194,1505804358.4720862,442422000.0,Brazil,0.08506517776651817,0.11574700294765025,0.0638034072738519,345903969.7106928,22.548106020093698
2014-12-31,COGNA EDUCAÇÃO S.A.,BRL,17494554902.846813,1638692950.7455945,17494554902.846813,1068577722.5485766,1118676005.4225037,12930872119.295074,0.0,0.0,0.0,0.0,1513998000.0,Brazil,0.06394423931531212,0.08651203067372754,0.0,591118463.7966467,23.585155521050417
2015-03-31,COGNA EDUCAÇÃO S.A.,BRL,4922734613.705806,525771653.0523166,4922734613.705806,290040219.49242383,290558396.20876724,3682470536.8834577,0.0,115901664.89991894,19513936.521793354,401532393.8392468,756085000.0,Brazil,0.05902377824711468,0.07890311498722055,0.023544162745890714,-828117609.2137365,22.317130028836104
2015-06-30,COGNA EDUCAÇÃO S.A.,BRL,5314458557.65821,669964860.2469454,5314458557.65821,351397852.92885005,300456494.406654,3917766530.191173,0.0,388161771.81727326,96773912.76314516,1325073342.1451368,988163000.0,Brazil,0.05653567360567559,0.07669076043487277,0.073038818085791,9898098.197886765,22.393696972931817
2015-09-30,COGNA EDUCAÇÃO S.A.,BRL,4155574492.7244334,534403101.5558128,4155574492.7244334,282405468.0026182,223635516.84205225,3094877649.6651726,0.0,355844368.3601027,174567242.33422282,1301206384.371381,1000985000.0,Brazil,0.05381578822220432,0.07225988945516047,0.08563060750880869,-76820977.56460175,22.14771652109302
2015-12-31,COGNA EDUCAÇÃO S.A.,BRL,12785349623.482405,1261422314.4306133,12785349623.482405,901740433.3794376,614117104.6565238,9574064853.234978,0.0,0.0,0.0,0.0,1404270000.0,Brazil,0.04803287534105414,0.06414382125780357,0.0,390481587.8144716,23.27156579169676
2016-03-31,COGNA EDUCAÇÃO S.A.,BRL,4766740297.332995,622469437.6528116,4766740297.332995,292503723.6882781,211286569.4292218,3675072928.0836353,-19719528.98856195,168438580.22089198,-10487873.42270185,356389005.98600453,1174117000.0,Brazil,0.044325169035837185,0.05749180317338548,0.035336219242976974,-402830535.227302,22.284928532417794
2016-06-30,COGNA EDUCAÇÃO S.A.,BRL,5384663467.5308485,739310420.0423782,5384663467.5308485,349349370.55964106,232280942.2909136,4182805683.659479,-83961423.40770285,510439361.83472514,200677115.7920977,1262132930.3253148,1251463000.0,Brazil,0.043137504078305314,0.05553232922063313,0.09479503499385607,20994372.861691803,22.406820651178663
2016-09-30,COGNA EDUCAÇÃO S.A.,BRL,5208656026.620656,651738353.4631501,5208656026.620656,346016144.9346808,216079923.5888588,4053844897.707666,0.0,267721838.79714075,355871641.6070989,1254757209.7609072,992252000.0,Brazil,0.04148477505224129,0.05330246446060279,0.05139940849018533,-16201018.702054799,22.37358769909267
2016-12-31,COGNA EDUCAÇÃO S.A.,BRL,16204755255.485653,2435195335.2769675,16204755255.485653,1146619610.250115,536226177.6891207,12750680374.4054,0.0,0.0,0.0,0.0,4198824000.0,Brazil,0.0330906680930955,0.042054710960012315,0.0,320146254.1002619,23.508570570401226
2017-03-31,COGNA EDUCAÇÃO S.A.,BRL,5662631163.583559,940071974.240798,5662631163.583559,381476103.2893491,168778647.64189658,4532298440.558116,0.0,155840962.18195593,46616579.32950313,430936927.8363533,1769520000.0,Brazil,0.0298056932839479,0.03723908516957962,0.027520945242588076,-367447530.04722416,22.457154491034057
2017-06-30,COGNA EDUCAÇÃO S.A.,BRL,5485459245.3742895,903816966.9851252,5485459245.3742895,367956222.0341033,150775486.75777,4443403676.381667,-94717317.69258678,480099467.8921273,215486153.10194704,1331450598.621357,1772413000.0,Brazil,0.027486392663460965,0.033932430573255686,0.08752220122626554,-18003160.884126574,22.42536665467536
2017-09-30,COGNA EDUCAÇÃO S.A.,BRL,5831672349.561153,1130029361.621519,5831672349.561153,395863799.962114,142284523.5840121,4749010860.642797,-164552945.6336427,613276820.1048177,398461514.1756645,1746418197.8910146,2325396000.0,Brazil,0.024398579867869176,0.029960875592681485,0.10516311331362233,-8490963.17375791,22.486569648586386
2017-12-31,COGNA EDUCAÇÃO S.A.,BRL,16932722380.117311,3207481102.981193,16932722380.117311,1220475902.521618,309513212.79554933,13794272842.716331,0.0,0.0,0.0,0.0,6571821000.0,Brazil,0.018278998843032173,0.02243780562590357,0.0,167228689.21153724,23.55251382229751
2018-03-31,COGNA EDUCAÇÃO S.A.,BRL,5713915804.044295,1112976649.0129995,5713915804.044295,355922002.8887819,86898772.2676938,4717866815.117959,0.0,143059400.5777564,3455705.344246509,410244643.7168994,2515844000.0,Brazil,0.015208269643418103,0.018419081265548847,0.02503701585460873,-222614440.52785552,22.46617040561743
2018-06-30,COGNA EDUCAÇÃO S.A.,BRL,4965948848.308778,884807273.2932144,4965948848.308778,309108736.25233454,68572317.90827973,4078245746.005396,-85366777.33969705,365768053.5380785,102405063.29113925,1145432402.988172,2219433000.0,Brazil,0.013808502665433812,0.016814170155255034,0.07365521971951963,-18326454.35941407,22.325870223598503
2018-09-30,COGNA EDUCAÇÃO S.A.,BRL,6241147303.474633,2176733944.495791,6241147303.474633,298485499.4629431,1433268803.2373292,3970199335.548173,-126569829.89034046,409261609.1724327,267139609.8218969,1346337771.3386457,7519192000.0,Brazil,0.229648289576403,0.3610067611477838,0.06557473959068144,1364696485.3290496,22.554429865163385
2018-12-31,COGNA EDUCAÇÃO S.A.,BRL,24403308295.906254,4316634918.176656,24403308295.906254,1986601104.7442052,5992518197.30525,13151863610.551855,0.0,0.0,0.0,0.0,9027017000.0,Brazil,0.24556171338090735,0.4556402328030075,0.0,4559249394.067921,23.91798454595243
2019-03-31,COGNA EDUCAÇÃO S.A.,BRL,8635945689.279022,1396326582.9932497,8635945689.279022,651883165.2164985,1942855162.8551624,4122785092.785093,0.0,64204974.2049742,-68636841.9701753,472037935.3712687,2900426000.0,Brazil,0.22497306406953133,0.4712482264125711,0.007434619961156147,-4049663034.4500875,22.879199060704604
2019-06-30,COGNA EDUCAÇÃO S.A.,BRL,8831044994.258274,1180171729.8256605,8831044994.258274,650800448.8986325,2198583098.4445143,4189019469.673244,-34850976.09353795,138277742.9794342,-28197097.81814386,1389450099.1752794,2028339000.0,Brazil,0.24896069489782674,0.5248443255901148,0.015658140465747705,255727935.5893519,22.901539190455573
2019-09-30,COGNA EDUCAÇÃO S.A.,BRL,7856481819.49181,940547576.732792,7856481819.49181,534286949.42120177,2712673039.050867,3858178827.032999,-45297564.72453047,103615207.26259668,-79077765.50266583,1588206446.0348718,1691588000.0,Brazil,0.34527834485924314,0.7030967616233994,0.013188499590940178,514089940.6063528,22.78460473751959
2019-12-31,COGNA EDUCAÇÃO S.A.,BRL,25397716681.96819,3333751023.547803,25397716681.96819,2047560854.5693653,9012231210.14367,11787748939.232277,0.0,0.0,0.0,0.0,5183475000.0,Brazil,0.35484415087369453,0.7645421748124392,0.0,6299558171.092802,23.957925112519455
2020-03-31,COGNA EDUCAÇÃO S.A.,BRL,6980112156.364825,1240643504.3573613,6980112156.364825,631014216.733037,2336202650.968623,3520292799.292049,0.0,-7273234.451049422,-42573055.539524056,313089013.2933187,3168914000.0,Brazil,0.334694142247894,0.6636387323913644,-0.001041993923323612,-6676028559.175046,22.66633082183871
2020-06-30,COGNA EDUCAÇÃO S.A.,BRL,6590672279.650803,1320702597.0705338,6590672279.650803,586178726.6683713,2321586368.119224,3260572743.543851,0.0,-171996383.82583922,-3939255.579501041,798573254.9220148,4021812000.0,Brazil,0.35225334679245046,0.7120179645481359,-0.02609694072589393,-14616282.84939909,22.608921195379157
2020-09-30,COGNA EDUCAÇÃO S.A.,BRL,6397199872.342689,1484004716.2284358,6397199872.342689,765408237.4425986,2197524157.373096,3236766723.9942555,0.0,-547404124.0403539,29701069.129979964,977335153.6320276,4052956000.0,Brazil,0.34351344357298486,0.678925713454349,-0.08556933267115376,-124062210.74612808,22.579126211625805
2020-12-31,COGNA EDUCAÇÃO S.A.,BRL,17773207598.006195,5353256673.274186,17773207598.006195,3038000615.8465,5920617578.568542,8247626296.64556,0.0,0.0,0.0,0.0,12030302000.0,Brazil,0.33312037491942187,0.71785715860775,0.0,3723093421.1954455,23.60095796918304
2021-03-31,COGNA EDUCAÇÃO S.A.,BRL,5231433461.477697,1474024435.1993258,5231433461.477697,1690017905.1029544,1679680341.2501974,2493355978.022364,0.0,-16004353.397581056,26893113.55697158,194056383.52028367,-1230450000.0,Brazil,0.3210745876094439,0.6736624677966988,-0.0030592673146721786,-4240937237.318344,22.377951161881533
2021-06-30,COGNA EDUCAÇÃO S.A.,BRL,5923750399.872041,1660070777.3512475,5923750399.872041,877486404.3506078,1923724808.0614204,2821355566.21881,0.0,-60858525.271912985,42766914.587332055,681901791.4267434,3914174000.0,Brazil,0.3247477827733888,0.6818441571473399,-0.01027364780143802,244044466.81122303,22.502235598749262
2021-09-30,COGNA EDUCAÇÃO S.A.,BRL,5313418584.981981,1442170147.8267264,5313418584.981981,936917518.5702728,1694560197.102302,2523695300.4339194,0.0,-178137640.65602708,63342281.38559976,791151540.7810546,2747968000.0,Brazil,0.31892089245365723,0.6714599012055625,-0.03352599419882354,-229164610.95911837,22.39350126636397
2021-12-31,COGNA EDUCAÇÃO S.A.,BRL,15329765587.1969,3746272513.8443336,15329765587.1969,2197888313.4106345,5319794799.189949,7403715478.77202,0.0,0.0,0.0,0.0,8639829000.0,Brazil,0.3470238842812398,0.7185304209005462,0.0,3625234602.087647,23.45306223859756
2022-03-31,COGNA EDUCAÇÃO S.A.,BRL,6007573461.116272,1463783880.7734528,6007573461.116272,864550789.4959049,2078931225.1963189,2905435911.5089087,0.0,-1813096.3438318,-2886726.336232374,248384699.8226801,2838687000.0,Brazil,0.3460517359716199,0.7155316064489087,-0.0003018017766352718,-3240863573.9936304,22.51628675373422
2022-06-30,COGNA EDUCAÇÃO S.A.,BRL,5329848779.928972,1286201550.3875968,5329848779.928972,865863787.3754152,1823527131.7829456,2606188375.911712,0.0,-46574827.20433803,22583342.880054988,665835338.144881,2201477000.0,Brazil,0.342134872315692,0.6996912228744895,-0.008738489425765416,-255404093.41337323,22.396588703226183
2022-09-30,COGNA EDUCAÇÃO S.A.,BRL,4869460229.374769,891930632.6304107,4869460229.374769,718257121.7166111,1512513133.555309,2483890122.0865707,0.0,-107945615.98224196,11612652.608213097,825108583.0558639,938879000.0,Brazil,0.31061207244925243,0.6089291632130391,-0.022167881222453684,-311013998.2276366,22.306248932040827
2022-12-31,COGNA EDUCAÇÃO S.A.,BRL,15178979318.011925,2909505472.388875,15178979318.011925,2339965498.0736423,4717749132.659906,7614223227.463533,0.0,0.0,0.0,0.0,2971347000.0,Brazil,0.31080806118904547,0.6195969032853655,0.0,3205235999.104597,23.443177368050637
2023-03-31,COGNA EDUCAÇÃO S.A.,BRL,5083997401.4725,903010945.3128076,5083997401.4725,607100673.2548527,1508360171.6603017,2616078192.0548058,0.0,10613803.693058783,2621166.187645183,261796921.13862756,1503165000.0,Brazil,0.2966878329291492,0.5765730459591333,0.002087688654204399,-3209388960.9996047,22.34936367915478
2023-06-30,COGNA EDUCAÇÃO S.A.,BRL,5314364338.189516,963704187.9384054,5314364338.189516,681981488.3991201,1622203959.6563318,2746099697.0074296,0.0,-15751048.022247126,46895986.386087246,851539866.3512224,1357509000.0,Brazil,0.30524891716569436,0.5907301768483254,-0.002963863036084792,113843787.99603009,22.393679243881365
2023-09-30,COGNA EDUCAÇÃO S.A.,BRL,5037408827.641303,876962053.1256242,5037408827.641303,722198721.7894948,1484952865.9876175,2620256840.423408,0.0,-48792290.79288996,73312961.85340524,1049856800.479329,774900000.0,Brazil,0.2947850604936757,0.5667203470586737,-0.009685989853584362,-137251093.66871428,22.340157665324174
2023-12-31,COGNA EDUCAÇÃO S.A.,BRL,15577827380.337557,3089009647.3650503,15577827380.337557,2274457000.020658,4857050013.42781,7874653872.37383,0.0,0.0,0.0,0.0,3943005000.0,Brazil,0.31179251732872665,0.6167953655039371,0.0,3372097147.440192,23.46911441839276
2024-03-31,COGNA EDUCAÇÃO S.A.,BRL,5014962366.882857,966152614.3005846,5014962366.882857,727070221.7951797,1574340019.2169108,2540170349.907919,0.0,-729241.7327247978,25756265.51365201,303631395.6281528,1194360000.0,Brazil,0.3139285809228258,0.6197773386631257,-0.0001454132014111347,-3282709994.210899,22.33569175422106
2024-06-30,COGNA EDUCAÇÃO S.A.,BRL,4314660417.75363,746713563.4996312,4314660417.75363,384869114.6573592,1262379684.4358883,2278922512.278934,0.0,-9167731.140816435,22777288.01971826,788014860.6588345,2011240000.0,Brazil,0.29257915159245124,0.5539370810697298,-0.0021247862527242626,-311960334.78102255,22.185284460297723
2024-09-30,COGNA EDUCAÇÃO S.A.,BRL,4381275447.45296,774894355.2088114,4381275447.45296,480520605.782469,1280328040.385498,2317604405.690684,0.0,-22216796.695731983,93451858.65075724,1011773841.211565,1603601000.0,Brazil,0.2922272419849367,0.5524359710577696,-0.00507085139069438,17948355.949609756,22.200605716993465
2010-03-31,LOPE,USD,221969000.0,129391000.0,122833000.0,96953000.0,28726000.0,99136000.0,0.0,11480000.0,49080000.0,89326000.0,32438000.0,USA,0.1294144677860422,0.2897635571336346,0.05171893372497961,,19.21804829044639
2010-06-30,LOPE,USD,237813000.0,132933000.0,124506000.0,98973000.0,28343000.0,113307000.0,0.0,12396000.0,-18953000.0,97522000.0,33960000.0,USA,0.1191818781984164,0.2501434156759953,0.052124988961915454,-383000.0,19.286995208514785
2010-09-30,LOPE,USD,281542000.0,153074000.0,154437000.0,128982000.0,28892000.0,127105000.0,0.0,12918000.0,50407000.0,98946000.0,24092000.0,USA,0.10262056815679366,0.22730813107273515,0.04588302988541674,549000.0,19.45579219512518
2010-12-31,LOPE,USD,284255000.0,142284000.0,147595000.0,122848000.0,25731000.0,136660000.0,2175000.0,7571000.0,3570000.0,100031000.0,19436000.0,USA,0.09052083516560834,0.18828479438021367,0.026634535892068743,-3161000.0,19.46538228058973
2011-03-31,LOPE,USD,286464000.0,128286000.0,151151000.0,127030000.0,25037000.0,135313000.0,0.0,11298000.0,23413000.0,101709000.0,1256000.0,USA,0.08740016197497766,0.18503026316761878,0.03943951072386059,-694000.0,19.473123431773626
2011-06-30,LOPE,USD,289943000.0,109807000.0,147284000.0,121123000.0,23839000.0,142659000.0,0.0,13258000.0,12613000.0,103118000.0,-11316000.0,USA,0.0822196086817064,0.1671047743219846,0.04572622894844849,-1198000.0,19.485194909901836
2011-09-30,LOPE,USD,303060000.0,106784000.0,156388000.0,128592000.0,23676000.0,146672000.0,0.0,12868000.0,29465000.0,108909000.0,-21808000.0,USA,0.07812314393189468,0.16142140285807788,0.042460238896588134,-163000.0,19.52944136367229
2011-12-31,LOPE,USD,317847000.0,115414000.0,154554000.0,121505000.0,22784000.0,163293000.0,14676000.0,15324000.0,31608000.0,113005000.0,-6091000.0,USA,0.07168228738984479,0.13952833250659857,0.048211875525016754,-892000.0,19.577080692887805
2012-03-31,LOPE,USD,349969000.0,130299000.0,168099000.0,136134000.0,21955000.0,181870000.0,0.0,14469000.0,45179000.0,117131000.0,-5835000.0,USA,0.06273412787989793,0.12071809534282729,0.04134366186719395,-829000.0,19.673355137096483
2012-06-30,LOPE,USD,375098000.0,129229000.0,176452000.0,145794000.0,21610000.0,198646000.0,0.0,15598000.0,34396000.0,119260000.0,-16565000.0,USA,0.05761161083236914,0.10878648450006544,0.04158379943374798,-345000.0,19.74269788312641
2012-09-30,LOPE,USD,423089000.0,154347000.0,205861000.0,173869000.0,21137000.0,217228000.0,0.0,18471000.0,45159000.0,133568000.0,-19522000.0,USA,0.04995875572279119,0.09730329423462905,0.04365748105008639,-473000.0,19.863093116770433
2012-12-31,LOPE,USD,494923000.0,214174000.0,260864000.0,152727000.0,100375000.0,234059000.0,94871000.0,20909000.0,19462000.0,141298000.0,61447000.0,USA,0.20280932589513925,0.42884486390183674,0.042246975792193935,79238000.0,20.01991275287739
2013-03-31,LOPE,USD,523894000.0,227998000.0,265430000.0,157674000.0,98703000.0,258464000.0,0.0,20945000.0,31713000.0,142030000.0,70324000.0,USA,0.18840261579632522,0.3818829701621889,0.03997946149411904,-1672000.0,20.076799931745583
2013-06-30,LOPE,USD,541666000.0,223597000.0,253116000.0,146486000.0,97039000.0,288550000.0,0.0,19064000.0,12323000.0,141463000.0,77111000.0,USA,0.1791491435681767,0.33629873505458324,0.03519512024014799,-1664000.0,20.110160133290012
2013-09-30,LOPE,USD,594075000.0,252464000.0,279758000.0,174396000.0,95351000.0,314317000.0,0.0,22545000.0,57750000.0,152399000.0,78068000.0,USA,0.16050330345495098,0.30335934741041687,0.037949753818962255,-1688000.0,20.202516131982726
2013-12-31,LOPE,USD,616100000.0,263703000.0,271256000.0,165623000.0,93686000.0,344844000.0,14816000.0,26157000.0,16663000.0,162443000.0,98080000.0,USA,0.15206297678948222,0.27167646820011365,0.042455770167180655,-1665000.0,20.2389198459848
2014-03-31,LOPE,USD,655252000.0,277939000.0,274357000.0,169312000.0,92014000.0,380895000.0,0.0,26288000.0,53671000.0,167432000.0,108627000.0,USA,0.1404253630664233,0.24157313695375365,0.0401189160811413,-1672000.0,20.300530452433257
2014-06-30,LOPE,USD,688544000.0,261134000.0,281251000.0,179870000.0,90340000.0,407293000.0,0.0,23069000.0,35769000.0,158594000.0,81264000.0,USA,0.13120439652367896,0.2218059234997901,0.03350403169586838,-1674000.0,20.350089781135313
2014-09-30,LOPE,USD,755498000.0,275171000.0,316008000.0,218256000.0,88665000.0,439490000.0,0.0,29016000.0,67302000.0,175056000.0,56915000.0,USA,0.11735967533997443,0.20174520466904822,0.0384064550799605,-1675000.0,20.44288769242009
2014-12-31,LOPE,USD,755713000.0,267045000.0,279481000.0,178711000.0,86990000.0,476232000.0,0.0,33093000.0,10254000.0,189973000.0,88334000.0,USA,0.11510983667079963,0.18266307178014077,0.04379043366992496,-1675000.0,20.443172232436606
2015-03-31,LOPE,USD,815570000.0,278081000.0,302381000.0,202366000.0,85314000.0,513189000.0,0.0,34179000.0,68189000.0,194127000.0,75715000.0,USA,0.10460659416113884,0.16624284620286092,0.04190811334404159,-1676000.0,20.519397813251437
2015-06-30,LOPE,USD,828941000.0,231077000.0,285614000.0,189457000.0,83873000.0,543327000.0,0.0,25776000.0,13478000.0,174726000.0,41620000.0,USA,0.10118090431043947,0.15436928405913933,0.03109509603216634,-1441000.0,20.53565954048242
2015-09-30,LOPE,USD,912611000.0,263233000.0,332974000.0,238783000.0,83130000.0,579637000.0,0.0,33342000.0,87343000.0,193393000.0,24450000.0,USA,0.09109028929083696,0.14341734568359163,0.03653473385703219,-743000.0,20.631820279858527
2015-12-31,LOPE,USD,898430000.0,221345000.0,288179000.0,188534000.0,81362000.0,610251000.0,2871000.0,38114000.0,4890000.0,215954000.0,32811000.0,USA,0.09056019945905636,0.13332546771738185,0.0424228932693699,-1768000.0,20.616159353529113
2016-03-31,LOPE,USD,960703000.0,226097000.0,316498000.0,222693000.0,78763000.0,644205000.0,0.0,43665000.0,96318000.0,226958000.0,3404000.0,USA,0.08198475491384954,0.12226387562965205,0.04545109154442112,-2599000.0,20.683175866098107
2016-06-30,LOPE,USD,1004953000.0,200212000.0,324670000.0,233106000.0,102065000.0,680283000.0,0.0,27626000.0,17706000.0,191279000.0,-32894000.0,USA,0.10156196359431735,0.150033147969301,0.027489842808569157,23302000.0,20.728206611194725
2016-09-30,LOPE,USD,1072266000.0,232123000.0,355477000.0,266068000.0,87369000.0,716789000.0,0.0,29244000.0,100427000.0,210444000.0,-33945000.0,USA,0.08148071467341127,0.12188942631653109,0.02727308335804735,-14696000.0,20.793040003143147
2016-12-31,LOPE,USD,1092493000.0,230068000.0,318807000.0,226794000.0,98252000.0,773686000.0,10016000.0,47979000.0,3835000.0,244663000.0,3274000.0,USA,0.08993375701263075,0.126992087229186,0.04391698619579256,10883000.0,20.81172807759084
2017-03-31,LOPE,USD,1155260000.0,277922000.0,328737000.0,235145000.0,71594000.0,826523000.0,0.0,55912000.0,109656000.0,248206000.0,42777000.0,USA,0.06197219673493413,0.08662069900051178,0.048397763274068174,-26658000.0,20.867591263812223
2017-06-30,LOPE,USD,1168563000.0,272771000.0,296349000.0,204868000.0,69935000.0,872214000.0,0.0,39847000.0,24004000.0,218301000.0,67903000.0,USA,0.05984700867646845,0.08018101062353963,0.03409914570288465,-1659000.0,20.879040625765807
2017-09-30,LOPE,USD,1290930000.0,386846000.0,375209000.0,285063000.0,68276000.0,915721000.0,0.0,39304000.0,136267000.0,236209000.0,101783000.0,USA,0.05288900250207215,0.07455982772045197,0.03044626741961222,-1659000.0,20.97862872580718
2017-12-31,LOPE,USD,1303573000.0,374862000.0,317622000.0,238135000.0,66616000.0,985951000.0,7372000.0,68256000.0,34971000.0,271418000.0,136727000.0,USA,0.05110262332834448,0.0675652238295818,0.0523607040035349,-1660000.0,20.98837479283838
2018-03-31,LOPE,USD,1391983000.0,435364000.0,340971000.0,261666000.0,64944000.0,1051012000.0,0.0,73681000.0,119008000.0,275681000.0,173698000.0,USA,0.04665574220374818,0.061791872975760505,0.05293239931809512,-1672000.0,21.053995186140387
2018-06-30,LOPE,USD,1399968000.0,1281570000.0,299668000.0,223831000.0,63191000.0,1100300000.0,0.0,46038000.0,24654000.0,236818000.0,1057739000.0,USA,0.04513746028480651,0.057430700717986005,0.032885037372282794,-1753000.0,21.05971521616354
2018-09-30,LOPE,USD,1252691000.0,255199000.0,114333000.0,54936000.0,61548000.0,1138358000.0,0.0,33761000.0,-47126000.0,155454000.0,200263000.0,USA,0.04913262727999163,0.054067349638690115,0.026950780360040904,-1643000.0,20.94855987430709
2018-12-31,LOPE,USD,1324017000.0,309466000.0,110420000.0,80518000.0,59905000.0,1213597000.0,4632000.0,75531000.0,102549000.0,177548000.0,228948000.0,USA,0.04524488733905985,0.04936152610792545,0.057046850606903086,-1643000.0,21.003936134257952
2019-03-31,LOPE,USD,1619473000.0,198208000.0,346600000.0,126002000.0,261682000.0,1272873000.0,0.0,73243000.0,76337000.0,197287000.0,72206000.0,USA,0.16158466365292906,0.20558374637532573,0.045226440947147624,201777000.0,21.205366624624393
2019-06-30,LOPE,USD,1677522000.0,108717000.0,349715000.0,113266000.0,269351000.0,1327807000.0,0.0,51112000.0,112998000.0,174820000.0,-4549000.0,USA,0.16056480928417033,0.2028540292376829,0.030468750931433388,7669000.0,21.240583541478212
2019-09-30,LOPE,USD,1760672000.0,237544000.0,378842000.0,124016000.0,284541000.0,1381830000.0,0.0,58151000.0,5799000.0,193289000.0,113528000.0,USA,0.16160931735155667,0.20591606782310415,0.033027730321150105,15190000.0,21.288961391304277
2019-12-31,LOPE,USD,1690289000.0,208344000.0,246856000.0,95230000.0,169521000.0,1443433000.0,3821000.0,76669000.0,111210000.0,213247000.0,113114000.0,USA,0.10029113364637644,0.11744292946052917,0.0453585156147854,-115020000.0,21.248165357178706
2020-03-31,LOPE,USD,1731602000.0,248324000.0,283594000.0,133084000.0,168554000.0,1448008000.0,0.0,71385000.0,85719000.0,221655000.0,115240000.0,USA,0.09733991991231242,0.11640405301628168,0.041224831110151176,-967000.0,21.272312828532588
2020-06-30,LOPE,USD,1790284000.0,222619000.0,300897000.0,150586000.0,169538000.0,1489387000.0,0.0,47010000.0,135333000.0,185768000.0,72033000.0,USA,0.09469894162043564,0.11383072364670835,0.026258403694609345,984000.0,21.30564010343191
2020-09-30,LOPE,USD,1800562000.0,291757000.0,279579000.0,122663000.0,177503000.0,1520983000.0,0.0,52046000.0,-40969000.0,198384000.0,169094000.0,USA,0.09858199828720145,0.11670281653378112,0.028905419530124484,7965000.0,21.311364675339536
2020-12-31,LOPE,USD,1844579000.0,333742000.0,270250000.0,118718000.0,171778000.0,1574329000.0,883000.0,86755000.0,128740000.0,238289000.0,215024000.0,USA,0.09312585690284883,0.10911188195097721,0.047032412274020254,-5725000.0,21.335516904119064
2021-03-31,LOPE,USD,1885027000.0,374320000.0,296349000.0,152811000.0,162071000.0,1588678000.0,0.0,78112000.0,89827000.0,236934000.0,221509000.0,USA,0.08597807882857911,0.10201626761370146,0.04143813324689779,-9707000.0,21.35720798135123
2021-06-30,LOPE,USD,1846967000.0,147070000.0,304284000.0,169007000.0,188726000.0,1542683000.0,0.0,49461000.0,120502000.0,201487000.0,-21937000.0,USA,0.10218157660640391,0.12233621554136527,0.026779579710953145,26655000.0,21.336810671192854
2021-09-30,LOPE,USD,1680461000.0,173397000.0,279685000.0,203842000.0,143589000.0,1400776000.0,0.0,47658000.0,-1434000.0,206767000.0,-30445000.0,USA,0.08544619601406996,0.10250675339954425,0.02836007500322828,-45137000.0,21.24233399748138
2021-12-31,LOPE,USD,1222745000.0,681045000.0,177698000.0,97944000.0,61181000.0,1045047000.0,58056000.0,85113000.0,104224000.0,251376000.0,583101000.0,USA,0.050035780150399306,0.05854377841379383,0.06960813579282679,-82408000.0,20.924364168232056
2022-03-31,LOPE,USD,918386000.0,380355000.0,211949000.0,132709000.0,59380000.0,706437000.0,0.0,58078000.0,70260000.0,244133000.0,247646000.0,USA,0.06465690896856006,0.08405561996328052,0.06323920443038113,-1801000.0,20.63812833951095
2022-06-30,LOPE,USD,787303000.0,249852000.0,180665000.0,103716000.0,58053000.0,606638000.0,0.0,25562000.0,75829000.0,199753000.0,146136000.0,USA,0.0737365410775775,0.09569628015389738,0.032467804644463444,-1327000.0,20.48412373863899
2022-09-30,LOPE,USD,784544000.0,223233000.0,192988000.0,95587000.0,79315000.0,591556000.0,0.0,30008000.0,-35619000.0,208720000.0,127646000.0,USA,0.10109694293755353,0.13407859949015816,0.03824897010237794,21262000.0,20.480613215243977
2022-12-31,LOPE,USD,832749000.0,273273000.0,195130000.0,99706000.0,77441000.0,637619000.0,0.0,71027000.0,110349000.0,258700000.0,173567000.0,USA,0.09299440767866428,0.12145340712870853,0.0852922068954751,-1874000.0,20.540242834196754
2023-03-31,LOPE,USD,874021000.0,315886000.0,214771000.0,119650000.0,75461000.0,659250000.0,0.0,59564000.0,62999000.0,250125000.0,196236000.0,USA,0.08633774245698903,0.1144649222601441,0.06814939229148956,-1980000.0,20.58861496079111
2023-06-30,LOPE,USD,846217000.0,279549000.0,200792000.0,100445000.0,81955000.0,645425000.0,0.0,28973000.0,94129000.0,210577000.0,179104000.0,USA,0.09684868065756183,0.12697834760041832,0.03423826276238837,6494000.0,20.556286385861725
2023-09-30,LOPE,USD,863156000.0,274738000.0,212626000.0,99515000.0,96519000.0,650530000.0,0.0,35739000.0,-29851000.0,221913000.0,175223000.0,USA,0.11182103814374227,0.1483697907859745,0.0414050299134803,14564000.0,20.57610599748576
2023-12-31,LOPE,USD,952021000.0,337522000.0,234007000.0,97033000.0,99281000.0,718014000.0,0.0,80709000.0,116385000.0,278284000.0,240489000.0,USA,0.10428446431328721,0.13827167715392735,0.08477649127487734,2762000.0,20.674097651335877
2024-03-31,LOPE,USD,1035571000.0,444453000.0,276124000.0,160126000.0,97297000.0,759447000.0,0.0,68010000.0,84963000.0,274675000.0,284327000.0,USA,0.0939549292129656,0.12811558936963344,0.06567391323240994,-1984000.0,20.75821880235957
2024-06-30,LOPE,USD,992691000.0,389825000.0,233496000.0,107467000.0,109479000.0,759195000.0,0.0,34878000.0,98563000.0,227463000.0,282358000.0,USA,0.11028507360296406,0.1442040582459052,0.03513480025506426,12182000.0,20.715929995335717
2024-09-30,LOPE,USD,992926000.0,393375000.0,228789000.0,106551000.0,106972000.0,764137000.0,0.0,41467000.0,-29385000.0,238291000.0,286824000.0,USA,0.10773411110193509,0.13999060377916525,0.04176242741150901,-2507000.0,20.71616669758101
2024-12-31,LOPE,USD,1018425000.0,419976000.0,234572000.0,110966000.0,108518000.0,783853000.0,0.0,81879000.0,135817000.0,292573000.0,309010000.0,USA,0.10655472911603701,0.13844177415918546,0.08039767287723691,1546000.0,20.74152315321724
2025-03-31,LOPE,USD,1031448000.0,436436000.0,250744000.0,128204000.0,105314000.0,780704000.0,0.0,71618000.0,67631000.0,289310000.0,308232000.0,USA,0.10210306287859397,0.13489619625363775,0.06943442616593372,-3204000.0,20.754229477183525
2025-06-30,LOPE,USD,1021007000.0,422481000.0,243031000.0,118990000.0,107833000.0,777976000.0,0.0,41546000.0,124008000.0,247499000.0,303491000.0,USA,0.10561435915718502,0.1386071035610353,0.040691199962390075,2519000.0,20.744055232128943
2012-12-31,SER EDUCACIONAL S.A.,BRL,556989084.1450878,108749816.4374174,556989084.1450878,126483430.4175437,239060159.57707185,283711390.67012584,0.0,0.0,0.0,0.0,-36228000.0,Brazil,0.4292007983316241,0.8426174183997764,0.0,,20.138056200114402
2013-03-31,SER EDUCACIONAL S.A.,BRL,225922412.08027023,52745380.4887741,225922412.08027023,54933439.30061594,82170673.55454004,115702364.39499304,0.0,19736737.53228691,13612159.745678524,53142757.79852971,-4405000.0,Brazil,0.36371191683871007,0.7101900983978158,0.08736068878936387,-156889486.0225318,19.23570218891307
2013-06-30,SER EDUCACIONAL S.A.,BRL,168665462.75395036,63429796.83972913,168665462.75395036,46253724.60496615,97860948.08126412,49137697.51693003,0.0,44191422.12189617,34880812.64108352,150887133.18284425,38045000.0,Brazil,0.5802073909109889,1.9915656008820286,0.26200634913836945,15690274.526724085,18.943427800735726
2013-09-30,SER EDUCACIONAL S.A.,BRL,218984928.68036243,53538171.70539159,218984928.68036243,42298376.24472952,97311384.22894052,60463801.919799045,0.0,54151341.16802727,48081995.155647255,199071050.5068628,25058000.0,Brazil,0.444374801569013,1.609415569963946,0.2472834157782079,-549563.8523236066,19.204513466601522
2013-12-31,SER EDUCACIONAL S.A.,BRL,1029075576.4304012,520593509.8206661,1029075576.4304012,118414175.91801876,276266438.941076,578180187.8736123,0.0,0.0,0.0,0.0,941904000.0,Brazil,0.2684607868154575,0.4778206599522339,0.0,178955054.71213546,20.751926737583673
2014-03-31,SER EDUCACIONAL S.A.,BRL,386493546.6760962,193024222.0650637,386493546.6760962,47382867.75106082,93412305.51626591,225456152.75813296,0.0,25948550.212164074,21552333.80480905,68303571.42857143,329499000.0,Brazil,0.24169175997795067,0.41432582066845464,0.06713837898543348,-182854133.42481005,19.772625729024664
2014-06-30,SER EDUCACIONAL S.A.,BRL,423483809.4373041,213779917.3441119,423483809.4373041,54083291.70262046,95721876.56115171,254205004.7686089,0.0,75456651.07407239,28618011.717153363,229695263.1817975,351636000.0,Brazil,0.22603432392926734,0.3765538630849653,0.1781807223618158,2309571.0448857993,19.86402584095322
2014-09-30,SER EDUCACIONAL S.A.,BRL,399144221.351616,181800930.460333,399144221.351616,54394384.590270974,87859125.04080966,241652791.380999,0.0,92945233.43127652,58747959.516813576,274348677.7668952,312197000.0,Brazil,0.22011874490702543,0.36357587486869797,0.2328612778522447,-7862751.520342052,19.80483336656588
2014-12-31,SER EDUCACIONAL S.A.,BRL,1411164708.5404427,405960234.9751468,1411164708.5404427,222185946.67871663,243870311.79394487,707921373.7008586,0.0,0.0,0.0,0.0,488031000.0,Brazil,0.17281491686833506,0.3444878497156316,0.0,156011186.7531352,21.06768123478366
2015-03-31,SER EDUCACIONAL S.A.,BRL,468204152.8964271,115321444.16037914,468204152.8964271,73997318.7005051,76378375.00779448,219267631.10307416,0.0,25829020.390347324,2978736.6714472785,84023819.91644323,132543000.0,Brazil,0.16313049454025322,0.3483340182203649,0.05516614970320659,-167491936.7861504,19.9644149829015
2015-06-30,SER EDUCACIONAL S.A.,BRL,497657887.101454,133252522.64740963,497657887.101454,77332602.59840743,77261678.32618718,241247300.04190975,0.0,58304909.89393597,6634965.666204584,263008478.67436087,173458000.0,Brazil,0.1552505854497517,0.3202592456486153,0.11715861720493492,883303.318392694,20.025423425222517
2015-09-30,SER EDUCACIONAL S.A.,BRL,464014903.5798801,176797492.573385,464014903.5798801,62856603.39358541,157190977.29218066,194471829.21303052,0.0,45355722.269774936,21297014.24903076,258097276.06867728,452596000.0,Brazil,0.33876277696998636,0.8082969030953514,0.09774626185464096,79929298.96599348,19.955427229458923
2015-12-31,SER EDUCACIONAL S.A.,BRL,1420461041.954818,382249884.7395113,1420461041.954818,208057476.56370065,470850622.40663904,581860304.2876902,0.0,0.0,0.0,0.0,680082000.0,Brazil,0.3314773221507442,0.8092159216515922,0.0,313659645.1144584,21.07424733329624
2016-03-31,SER EDUCACIONAL S.A.,BRL,542130511.7612343,159360930.78155297,542130511.7612343,86997161.5659163,170248433.24059242,236951915.24042377,0.0,24144394.795267403,-5980102.858106399,80129556.24877048,257492000.0,Brazil,0.3140358816689761,0.7184935942292321,0.04453612971686254,-300602189.1660466,20.111017327024513
2016-06-30,SER EDUCACIONAL S.A.,BRL,614627009.8466908,211293780.38140348,614627009.8466908,100953820.26673314,181073164.6516266,281645893.05745983,0.0,66505982.799451575,17708463.168390878,269327246.66583574,354103000.0,Brazil,0.29460658537735346,0.6429107227020173,0.1082054347335638,10824731.411034167,20.236526153728356
2016-09-30,SER EDUCACIONAL S.A.,BRL,623368868.6221346,221941705.69386247,623368868.6221346,104870594.03500123,176625893.51737738,293467771.7525265,0.0,76076534.38501357,63214197.68301701,345463088.4890313,379966000.0,Brazil,0.2833408955884868,0.6018578887303552,0.12204095875555926,-4447271.13424921,20.25064898600458
2016-12-31,SER EDUCACIONAL S.A.,BRL,1858429338.652754,646489182.1390209,1858429338.652754,336088384.2258708,501843793.1563602,875003836.1209145,0.0,0.0,0.0,0.0,1011441000.0,Brazil,0.2700365210119669,0.5735332491582491,0.0,325217899.63898283,21.34299752634534
2017-03-31,SER EDUCACIONAL S.A.,BRL,649004356.3356272,224923921.9647705,649004356.3356272,117113454.13220532,165424900.56190416,325344087.37925375,0.0,25325146.78957005,4488288.402045583,97487215.1019635,341522000.0,Brazil,0.2548902776183463,0.5084613705275924,0.03902153589932663,-336418892.5944561,20.29094998702739
2017-06-30,SER EDUCACIONAL S.A.,BRL,626180009.6746887,214777482.16229293,626180009.6746887,105371266.17487,141835469.82706496,331212964.0827186,0.0,63494678.92127223,32440742.532349743,290633692.10303545,361872000.0,Brazil,0.22650909903807204,0.4282304293851322,0.10140004142620077,-23589430.7348392,20.255148443119122
2017-09-30,SER EDUCACIONAL S.A.,BRL,663878891.2041421,272180652.9014333,663878891.2041421,109450337.81650564,142982256.7405443,361038391.1094272,0.0,76146366.10469154,79064216.70770979,385338132.2220117,515432000.0,Brazil,0.2153740066673959,0.39603061685816054,0.11469918250688378,1146786.9134793282,20.313610298040278
2017-12-31,SER EDUCACIONAL S.A.,BRL,2274784422.8094573,1147845135.1514783,2274784422.8094573,267751405.9381992,388981375.09826446,1368195561.4682226,0.0,0.0,0.0,0.0,2910822000.0,Brazil,0.1709970277613628,0.28430246819456506,0.0,245999118.35772017,21.545151125654755
2018-03-31,SER EDUCACIONAL S.A.,BRL,757435303.3220992,380146244.583534,757435303.3220992,91217200.2888782,130872652.86470872,463665442.9465576,0.0,17519258.54597978,3610977.371208474,95464913.3365431,960169000.0,Brazil,0.17278393585657198,0.2822566461563822,0.02312970951992941,-258108722.23355573,20.44544868354467
2018-06-30,SER EDUCACIONAL S.A.,BRL,653466486.8229924,324973023.4488484,653466486.8229924,72909057.89582902,106649460.46897696,407982984.0215813,0.0,52984540.36107077,18943245.486615483,258244189.6659058,971757000.0,Brazil,0.1632057077440692,0.26140663862426056,0.08108226118629239,-24223192.395731762,20.297801807116755
2018-09-30,SER EDUCACIONAL S.A.,BRL,630202083.2812929,311185272.15047586,630202083.2812929,103939250.1186521,104354907.20155872,385945844.6781405,0.0,51233981.96487897,74096870.0821822,306852346.81387854,829668000.0,Brazil,0.16558959414765936,0.2703874355444492,0.0812977032670495,-2294553.2674182355,20.261551093028245
2018-12-31,SER EDUCACIONAL S.A.,BRL,1881338082.700945,885580765.0611739,1881338082.700945,315367043.5186619,305922254.9171442,1138719993.8051727,0.0,0.0,0.0,0.0,2209122000.0,Brazil,0.16260886744925004,0.26865450381253725,0.0,201567347.71558547,21.355249106734647
2019-03-31,SER EDUCACIONAL S.A.,BRL,703953183.9531839,300833140.8331408,703953183.9531839,118730268.73026872,103004543.004543,391836708.5033751,0.0,14396961.06362773,4258104.258104258,78068838.06883806,709491000.0,Brazil,0.1463230018026217,0.2628761950302463,0.020451588815578386,-202917711.91260117,20.37222241184459
2019-06-30,SER EDUCACIONAL S.A.,BRL,678360215.0537635,244529439.39868465,678360215.0537635,119680290.21818562,99026516.33782232,346090406.09666985,0.0,45438981.10449943,5014093.329157532,252994571.4583986,478372000.0,Brazil,0.14597925134800832,0.28612904198841693,0.06698355843421354,-3978026.6667206883,20.335188995459536
2019-09-30,SER EDUCACIONAL S.A.,BRL,601367260.6753446,196039194.9661367,601367260.6753446,90164753.350305,65027138.67140593,316324991.5942168,0.0,39092175.41668668,33096690.52307988,291702051.01109564,440840000.0,Brazil,0.10813215637708554,0.2055706643464423,0.06500549327009517,-33999377.66641639,20.21471638851899
2019-12-31,SER EDUCACIONAL S.A.,BRL,1905031636.932086,479798268.0330513,1905031636.932086,302552542.1205429,183796431.8503263,974036376.2685788,0.0,0.0,0.0,0.0,714318000.0,Brazil,0.09647946432339412,0.18869565483214218,0.0,118769293.17892037,21.367764452700605
2020-03-31,SER EDUCACIONAL S.A.,BRL,477491006.3292357,108229930.1667917,477491006.3292357,63080356.28402685,39359188.93441834,254949693.1571151,0.0,3225409.28416152,-1286239.202785633,59353609.9728747,234692000.0,Brazil,0.08242917335133998,0.15438021692445372,0.00675491106933554,-144437242.91590795,19.984055882795083
2020-06-30,SER EDUCACIONAL S.A.,BRL,552677247.3243964,207090623.51609012,552677247.3243964,66277897.5052051,216587463.92957592,248310260.4375936,0.0,23048179.128465503,13278664.572451329,181642619.71728092,771006000.0,Brazil,0.3918877879958191,0.8722453254564952,0.04170278266392478,177228274.99515757,20.13028474954469
2020-09-30,SER EDUCACIONAL S.A.,BRL,519375365.6850056,191861846.42116275,519375365.6850056,61321430.471090935,207136752.8944522,236098650.73314303,0.0,2752788.0711334907,23204907.714402225,211069661.8854276,736261000.0,Brazil,0.3988189786807832,0.8773313708114927,0.005300189906971869,-9450711.035123706,20.068137427660393
2020-12-31,SER EDUCACIONAL S.A.,BRL,1784887704.239718,624871923.173149,1784887704.239718,259662439.13704503,653538230.5960239,823590962.4526086,0.0,0.0,0.0,0.0,1897665000.0,Brazil,0.36615089511998283,0.7935228291600275,0.0,446401477.7015717,21.302621339408972
2021-03-31,SER EDUCACIONAL S.A.,BRL,553233626.4855092,173667035.30113924,553233626.4855092,81410114.62776695,195476152.86042795,255683992.4868784,0.0,5278143.48657995,6765671.353590675,53842399.98595678,525560000.0,Brazil,0.3533338240884171,0.7645224519499777,0.009540532668106356,-458062077.73559594,20.131290941311548
2021-06-30,SER EDUCACIONAL S.A.,BRL,651353566.8586053,182130318.29814455,651353566.8586053,111563099.80806142,219935820.537428,293178182.9814459,0.0,16287587.971849008,19947816.69865643,215536228.4069098,352949000.0,Brazil,0.3376596547987758,0.7501779917619138,0.025005755400100065,24459667.677000046,20.29456316619419
2021-09-30,SER EDUCACIONAL S.A.,BRL,583710928.8813709,147194050.1581231,583710928.8813709,100646833.8604104,179285136.42715305,268364896.66838276,0.0,7761270.868573951,33479627.85908656,246477347.9443995,253161000.0,Brazil,0.30714712978003816,0.668064782886619,0.013296428907794691,-40650684.11027494,20.184916433454916
2021-12-31,SER EDUCACIONAL S.A.,BRL,1662712055.7716086,385599383.5014964,1662712055.7716086,278897471.2808473,468895499.91935337,786614634.6708722,0.0,0.0,0.0,0.0,595386000.0,Brazil,0.28200643538472137,0.596093028596581,0.0,289610363.4922003,21.231715874704
2022-03-31,SER EDUCACIONAL S.A.,BRL,703736384.3620706,129840834.24807905,703736384.3620706,119566832.72819388,244225702.94688848,304751963.1850038,0.0,-3867052.267162037,10665583.044836614,80260491.42953645,48670000.0,Brazil,0.3470414609417651,0.8013917298331822,-0.00549502960638802,-224669796.9724649,20.37191438996575
2022-06-30,SER EDUCACIONAL S.A.,BRL,628919311.1085653,119434834.0779776,628919311.1085653,95136136.25081149,214025279.7189445,267931989.15492415,0.0,-18426127.467827547,17417993.66097682,249865200.29022032,127262000.0,Brazil,0.3403064207739028,0.7988045040608809,-0.02929807869208009,-30200423.227943987,20.259513525209528
2022-09-30,SER EDUCACIONAL S.A.,BRL,643157047.7247503,143221975.58268592,643157047.7247503,99396411.3947466,240316130.2256752,252297817.2401036,0.0,-25176100.62893082,21932852.386237517,300360525.3422124,236921000.0,Brazil,0.37365077639407673,0.9525097476248642,-0.03914456153126903,26290850.506730705,20.281899494564307
2022-12-31,SER EDUCACIONAL S.A.,BRL,1950553180.8859327,432790439.1328516,1950553180.8859327,317548254.7775584,759938854.9193996,711620057.1198559,0.0,0.0,0.0,0.0,601230000.0,Brazil,0.3896017101026893,1.067899713219305,0.0,519622724.6937244,21.3913788517974
2023-03-31,SER EDUCACIONAL S.A.,BRL,663442655.2226466,142851096.49986222,663442655.2226466,108558210.95318714,248504665.5380133,238036733.72967443,0.0,-5581322.099295248,17060711.051616207,83575534.46986103,174201000.0,Brazil,0.3745684176044076,1.043976119333862,-0.008412666950728691,-511434189.3813863,20.312952980303855
2023-06-30,SER EDUCACIONAL S.A.,BRL,722454239.8206948,164438633.62802476,722454239.8206948,123066865.8946582,258707923.4632466,257452787.1165899,0.0,7141908.438135559,23942431.41161333,298145726.97463995,199354000.0,Brazil,0.35809593079203894,1.0048752097839528,0.009885620492597707,10203257.925233305,20.39816464005675
2023-09-30,SER EDUCACIONAL S.A.,BRL,684660675.0549232,145988815.6580787,684660675.0549232,129757339.72438589,241909127.22188935,240422408.62792093,0.0,-14080886.758538049,28602756.14140204,352941481.9253046,81271000.0,Brazil,0.35332703634904034,1.006183777138134,-0.02056622685012322,-16798796.241357267,20.344433908609457
2023-12-31,SER EDUCACIONAL S.A.,BRL,2162249054.888756,541984423.7403681,2162249054.888756,406819261.6770302,802859297.2090813,749573615.3862045,0.0,0.0,0.0,0.0,654294000.0,Brazil,0.3713075028955844,1.0710879901974968,0.0,560950169.9871919,21.494414746054606
2024-03-31,SER EDUCACIONAL S.A.,BRL,673893826.5673794,150729041.55656978,673893826.5673794,140586916.48650813,246539154.4559212,238602570.2618304,0.0,-3507886.9405076467,13251861.638241652,90222195.53206822,50666000.0,Brazil,0.36584272586635863,1.0332627774519847,-0.005205400023288253,-556320142.7531601,20.328583129119743
2024-06-30,SER EDUCACIONAL S.A.,BRL,631973085.2958639,167467031.28654444,631973085.2958639,131416800.10075022,232314556.60903516,223241638.63051653,0.0,14435708.759872625,18905780.54441106,272614288.5414605,200378000.0,Brazil,0.36760197865115574,1.0406416922675212,0.022842284103150402,-14224597.846886039,20.264357364647122
2024-09-30,SER EDUCACIONAL S.A.,BRL,628634786.5993575,157750711.335475,628634786.5993575,134912161.54199174,220557136.30105555,225531711.7944011,0.0,4907755.85130794,34950160.62413952,354693162.00091785,124413000.0,Brazil,0.3508509885273361,0.9779429001191616,0.00780700647804869,-11757420.307979614,20.259061020598264
2010-03-31,STRA,USD,437051000.0,334592000.0,231251000.0,219078000.0,12173000.0,205800000.0,10470000.0,36379000.0,63107000.0,157901000.0,115514000.0,USA,0.027852584709793595,0.059149659863945575,0.08323742538056199,,19.89556045105588
2010-06-30,STRA,USD,442625000.0,331851000.0,215464000.0,203295000.0,12169000.0,227161000.0,10427000.0,35657000.0,24747000.0,159283000.0,128556000.0,USA,0.02749279864445072,0.053569934980036184,0.0805580344535442,-4000.0,19.908233468396343
2011-03-31,STRA,USD,237617000.0,108220000.0,164314000.0,71166000.0,108447000.0,73303000.0,13174000.0,35791000.0,67172000.0,171956000.0,37054000.0,USA,0.45639411321580525,1.479434675252036,0.15062474486253088,96278000.0,19.28617069171482
2011-06-30,STRA,USD,235178000.0,108735000.0,59174000.0,46530000.0,115000000.0,176004000.0,12009000.0,29647000.0,20261000.0,163789000.0,62205000.0,USA,0.48899131721504563,0.6533942410399763,0.12606196157803876,6553000.0,19.275853232198884
2011-09-30,STRA,USD,224205000.0,91056000.0,180455000.0,82889000.0,105000000.0,43750000.0,11978000.0,13935000.0,35316000.0,135865000.0,8167000.0,USA,0.46832140228808455,2.4,0.06215294038937579,-10000000.0,19.22807136987016
2011-12-31,STRA,USD,231133000.0,94668000.0,188840000.0,77184000.0,117500000.0,42293000.0,11944000.0,26671000.0,31614000.0,155824000.0,17484000.0,USA,0.5083653134775216,2.7782375333979616,0.11539243638943812,12500000.0,19.258503860377026
2012-03-31,STRA,USD,224234000.0,89389000.0,168208000.0,83890000.0,92500000.0,56026000.0,11865000.0,23989000.0,36482000.0,149532000.0,5499000.0,USA,0.41251549720381386,1.651019169671224,0.10698199202618693,-25000000.0,19.228200707416807
2012-06-30,STRA,USD,220143000.0,84930000.0,150896000.0,59199000.0,100000000.0,69247000.0,11872000.0,21212000.0,6179000.0,146254000.0,25731000.0,USA,0.4542501919207061,1.4441058818432568,0.09635555071022017,7500000.0,19.209787893158133
2012-09-30,STRA,USD,231614000.0,91937000.0,166621000.0,71806000.0,102500000.0,64993000.0,11872000.0,4102000.0,14585000.0,124260000.0,20131000.0,USA,0.4425466508932966,1.577092917698829,0.01771050109233466,2500000.0,19.26058275088623
2012-12-31,STRA,USD,227792000.0,89655000.0,186804000.0,43024000.0,125000000.0,40988000.0,11719000.0,16627000.0,24816000.0,141933000.0,46631000.0,USA,0.5487462246259746,3.049673075046355,0.07299202781484863,22500000.0,19.243943489835665
2013-03-31,STRA,USD,216027000.0,84995000.0,183704000.0,39417000.0,124219000.0,32323000.0,0.0,17231000.0,31393000.0,137506000.0,45578000.0,USA,0.575016085952219,3.8430529344429663,0.07976317775092928,-781000.0,19.19091395783659
2013-06-30,STRA,USD,229822000.0,102259000.0,178867000.0,35961000.0,123438000.0,50955000.0,0.0,15002000.0,20185000.0,131980000.0,66298000.0,USA,0.5371026272506548,2.422490432734766,0.06527660537285378,-781000.0,19.252815654218693
2013-09-30,STRA,USD,240951000.0,118316000.0,183986000.0,43049000.0,122656000.0,56965000.0,0.0,3149000.0,20583000.0,110031000.0,75267000.0,USA,0.5090495577939083,2.1531817782849116,0.013069047233669917,-782000.0,19.300104151280642
2013-12-31,STRA,USD,254266000.0,127340000.0,215364000.0,45158000.0,121875000.0,38902000.0,47328000.0,-18957000.0,11932000.0,124084000.0,82182000.0,USA,0.4793208686965619,3.1328723458948127,-0.07455578016722644,-781000.0,19.353891521099747
2014-03-31,STRA,USD,277614000.0,157776000.0,223447000.0,55574000.0,121094000.0,54167000.0,0.0,14783000.0,33217000.0,116468000.0,102202000.0,USA,0.4361955809145072,2.235567781121347,0.05325019631574777,-781000.0,19.441742217601917
2014-06-30,STRA,USD,282193000.0,166483000.0,212230000.0,49256000.0,120313000.0,69963000.0,0.0,13677000.0,11980000.0,112747000.0,117227000.0,USA,0.42635005120608943,1.719666109229164,0.04846682943942621,-781000.0,19.458101791972574
2014-09-30,STRA,USD,295484000.0,182680000.0,217766000.0,58761000.0,119532000.0,77718000.0,0.0,4953000.0,16916000.0,100756000.0,123919000.0,USA,0.4045295176726997,1.5380220798270672,0.016762328924747195,-781000.0,19.50412524782843
2014-12-31,STRA,USD,307815000.0,196651000.0,215083000.0,56335000.0,118750000.0,92732000.0,11416000.0,12943000.0,15437000.0,116070000.0,140316000.0,USA,0.38578366876208114,1.2805719708407022,0.042047983366632555,-782000.0,19.545009511125112
2015-03-31,STRA,USD,327778000.0,217583000.0,221415000.0,63558000.0,117188000.0,106363000.0,0.0,11385000.0,30392000.0,111885000.0,154025000.0,USA,0.3575224694762919,1.1017741131784549,0.03473387475669508,-1562000.0,19.607847107927793
2015-06-30,STRA,USD,336003000.0,225299000.0,215347000.0,60474000.0,115625000.0,120656000.0,0.0,11874000.0,13064000.0,109750000.0,164825000.0,USA,0.34411895131888703,0.9583029439066437,0.03533897018776618,-1563000.0,19.63263064645905
2015-09-30,STRA,USD,230273000.0,119726000.0,103096000.0,57535000.0,2678000.0,127177000.0,0.0,3723000.0,10365000.0,99142000.0,62191000.0,USA,0.011629674343062365,0.021057266644125903,0.016167766086340997,-112947000.0,19.25477611953324
2015-12-31,STRA,USD,248434000.0,138798000.0,105578000.0,57591000.0,3125000.0,142856000.0,11416000.0,13041000.0,23077000.0,113660000.0,81207000.0,USA,0.012578793562877867,0.021875175001400012,0.052492814993116886,447000.0,19.330687774663375
2016-03-31,STRA,USD,277696000.0,144494000.0,119579000.0,62488000.0,3035000.0,158117000.0,0.0,12420000.0,14680000.0,111166000.0,82006000.0,USA,0.01092921756165015,0.019194647001903653,0.04472516708919106,-90000.0,19.44203754814016
2016-06-30,STRA,USD,277551000.0,145781000.0,109613000.0,59540000.0,2896000.0,167938000.0,0.0,7786000.0,7745000.0,108487000.0,86241000.0,USA,0.010434118414273413,0.01724445926472865,0.028052502062683976,-139000.0,19.441515258048376
2016-09-30,STRA,USD,286504000.0,152702000.0,113285000.0,61654000.0,2825000.0,173219000.0,0.0,2878000.0,7682000.0,102156000.0,91048000.0,USA,0.009860246279284059,0.01630883448120587,0.010045234970541423,-71000.0,19.47326305562719
2016-12-31,STRA,USD,298696000.0,160543000.0,110322000.0,59839000.0,2684000.0,188374000.0,11416000.0,11718000.0,14403000.0,119279000.0,100704000.0,USA,0.008985724616332324,0.014248250820176882,0.03923052200230334,-141000.0,19.514936891734102
2017-03-31,STRA,USD,313974000.0,177400000.0,115448000.0,66231000.0,2667000.0,198526000.0,2853000.0,10578000.0,25059000.0,114912000.0,111169000.0,USA,0.008494333925739074,0.0134340086437041,0.03369068776395498,-17000.0,19.564820737896436
2017-06-30,STRA,USD,318482000.0,180051000.0,109281000.0,61303000.0,2621000.0,209201000.0,2854000.0,10302000.0,7705000.0,112720000.0,118748000.0,USA,0.008229664470833516,0.012528620800091778,0.03234719701584391,-46000.0,19.579076516465808
2017-09-30,STRA,USD,328575000.0,186760000.0,113086000.0,72298000.0,2902000.0,215489000.0,2854000.0,6227000.0,11608000.0,108512000.0,114462000.0,USA,0.008832077912196607,0.013467044721540311,0.018951533135509395,281000.0,19.610275680332347
2017-12-31,STRA,USD,321278000.0,190348000.0,112081000.0,69066000.0,2832000.0,209197000.0,2855000.0,-6495000.0,11783000.0,118707000.0,121282000.0,USA,0.008814795908839074,0.013537479026945893,-0.020216136803640462,-70000.0,19.587817349908605
2018-03-31,STRA,USD,331810000.0,201422000.0,113518000.0,72278000.0,2857000.0,218292000.0,2889000.0,9467000.0,17049000.0,116469000.0,129144000.0,USA,0.008610349296284018,0.013087973906510545,0.02853138844519454,25000.0,19.62007307390419
2018-06-30,STRA,USD,336765000.0,214172000.0,112925000.0,69204000.0,2618000.0,223840000.0,2889000.0,5188000.0,12977000.0,114668000.0,144968000.0,USA,0.0077739670096358,0.011695854181558257,0.015405401392662539,-239000.0,19.634895915692564
2018-09-30,STRA,USD,1645696000.0,391410000.0,237366000.0,116117000.0,2481000.0,1408330000.0,11024000.0,-52781000.0,-44673000.0,160945000.0,275293000.0,USA,0.0015075688340981566,0.0017616609743455014,-0.032072144551606126,-137000.0,21.221429231986004
2018-12-31,STRA,USD,1661029000.0,420361000.0,235805000.0,125131000.0,2300000.0,1425224000.0,11040000.0,22455000.0,61514000.0,242103000.0,295230000.0,USA,0.0013846838315285284,0.0016137814126060185,0.013518728450857873,-181000.0,21.230703126786985
2019-03-31,STRA,USD,1775390000.0,456589000.0,351952000.0,153517000.0,116963000.0,1423438000.0,11091000.0,11500000.0,58658000.0,246508000.0,303072000.0,USA,0.06588017280710154,0.08216936740483252,0.0064774500250649155,114663000.0,21.297285954049116
2019-06-30,STRA,USD,1784570000.0,490321000.0,346694000.0,153819000.0,113832000.0,1437876000.0,11103000.0,24409000.0,44405000.0,245110000.0,336502000.0,USA,0.06378679457796556,0.07916677098720613,0.013677804737275647,-3131000.0,21.30244332679928
2019-09-30,STRA,USD,1781196000.0,505613000.0,336537000.0,157830000.0,109234000.0,1444659000.0,11103000.0,16692000.0,38344000.0,241747000.0,347783000.0,USA,0.061326210029665464,0.07561230712576462,0.009371231464701245,-4598000.0,21.30055088573223
2019-12-31,STRA,USD,1789408000.0,524094000.0,326698000.0,156748000.0,105841000.0,1462710000.0,13328000.0,28537000.0,60739000.0,263772000.0,367346000.0,USA,0.05914861227847422,0.07235952444435328,0.015947732434414063,-3393000.0,21.305150675840103
2020-03-31,STRA,USD,1783821000.0,532783000.0,324674000.0,160888000.0,103571000.0,1459147000.0,13327000.0,35239000.0,68695000.0,265302000.0,371895000.0,USA,0.058061318932785294,0.0709805112164847,0.019754784813050187,-2270000.0,21.302023529747334
2020-06-30,STRA,USD,1791564000.0,553496000.0,307014000.0,148884000.0,102310000.0,1484550000.0,13335000.0,34152000.0,43246000.0,255831000.0,404612000.0,USA,0.05710652815082241,0.0689165066855276,0.019062673730885417,-1261000.0,21.306354818324607
2020-09-30,STRA,USD,2047319000.0,806375000.0,342261000.0,195295000.0,101542000.0,1705058000.0,14643000.0,10960000.0,46845000.0,239026000.0,611080000.0,USA,0.049597546840526564,0.05955339935650283,0.00535334259096897,-768000.0,21.439796969295546
2020-12-31,STRA,USD,2295807000.0,286122000.0,547488000.0,200052000.0,282783000.0,1748319000.0,14651000.0,5917000.0,-15881000.0,267494000.0,86070000.0,USA,0.123173681411373,0.16174565396818316,0.0025773072388053527,181241000.0,21.554350252637107
2021-03-31,STRA,USD,2369442000.0,352928000.0,633517000.0,249757000.0,327665000.0,1735925000.0,14778000.0,9577000.0,78781000.0,290336000.0,103171000.0,USA,0.13828783316915966,0.18875527456543342,0.004041879902525573,44882000.0,21.585920321334413
2021-06-30,STRA,USD,2363313000.0,393635000.0,630133000.0,252189000.0,319414000.0,1733180000.0,14771000.0,19976000.0,47050000.0,299173000.0,141446000.0,USA,0.135155182576324,0.184293610588629,0.008452540988011322,-8251000.0,21.58333028511819
2021-09-30,STRA,USD,2316122000.0,406481000.0,621066000.0,255648000.0,306361000.0,1695056000.0,14740000.0,3854000.0,35332000.0,270078000.0,150833000.0,USA,0.132273256762813,0.18073798151801473,0.0016639883391289406,-13053000.0,21.563160072299134
2021-12-31,STRA,USD,2305880000.0,367786000.0,591890000.0,195755000.0,331456000.0,1713990000.0,14756000.0,21680000.0,19364000.0,272099000.0,172031000.0,USA,0.14374382014675524,0.19338269184767706,0.00940205041025552,25095000.0,21.558728219277928
2022-03-31,STRA,USD,2367883000.0,417848000.0,643570000.0,254836000.0,326506000.0,1724313000.0,15018000.0,7029000.0,56595000.0,258855000.0,163012000.0,USA,0.13788941429960855,0.1893542529691535,0.0029684743714110872,-4950000.0,21.58526214396373
2022-06-30,STRA,USD,2260261000.0,395824000.0,608340000.0,235633000.0,312287000.0,1651921000.0,14868000.0,15220000.0,24081000.0,273564000.0,160191000.0,USA,0.13816413237232336,0.1890447545615075,0.006733735617258361,-14219000.0,21.538746130288192
2022-09-30,STRA,USD,2215251000.0,402748000.0,616769000.0,259917000.0,301564000.0,1598482000.0,14714000.0,6092000.0,44056000.0,263123000.0,142831000.0,USA,0.13613084928073613,0.1886564878428409,0.002750026972112867,-10723000.0,21.5186315523079
2022-12-31,STRA,USD,2161747000.0,329061000.0,525957000.0,209944000.0,259281000.0,1635790000.0,14640000.0,18329000.0,1320000.0,269938000.0,119117000.0,USA,0.11994049257383033,0.15850506483106022,0.008478790533767365,-42283000.0,21.494182528039307
2023-03-31,STRA,USD,2165768000.0,357013000.0,555339000.0,241709000.0,256459000.0,1610429000.0,14755000.0,-2028000.0,35242000.0,256606000.0,115304000.0,USA,0.11841480712615571,0.15924887095301934,-0.0009363883850901851,-2822000.0,21.496040869908573
2023-06-30,STRA,USD,2142112000.0,350914000.0,543506000.0,242087000.0,251664000.0,1598606000.0,14713000.0,14231000.0,5495000.0,287680000.0,108827000.0,USA,0.11748405312140542,0.15742715841176624,0.006643443480079473,-4795000.0,21.48505809518672
2023-09-30,STRA,USD,2114100000.0,350635000.0,519346000.0,265491000.0,205763000.0,1594754000.0,14671000.0,18459000.0,46436000.0,285936000.0,85144000.0,USA,0.0973288869968308,0.12902491544150382,0.008731375053214134,-45901000.0,21.47189502696536
2023-12-31,STRA,USD,2125213000.0,329069000.0,472695000.0,209619000.0,213325000.0,1652518000.0,14641000.0,39129000.0,29946000.0,302702000.0,119450000.0,USA,0.10037817385833796,0.12909087828392793,0.018411801546480283,7562000.0,21.477137869593687
2024-03-31,STRA,USD,2155236000.0,390447000.0,512653000.0,261723000.0,200922000.0,1642583000.0,14734000.0,29702000.0,77630000.0,290250000.0,128724000.0,USA,0.09322505748790387,0.12232075943803145,0.013781321395893536,-12403000.0,21.49116606726706
2024-06-30,STRA,USD,2177524000.0,398868000.0,499424000.0,253439000.0,197571000.0,1678100000.0,14773000.0,29898000.0,24305000.0,312266000.0,145429000.0,USA,0.09073195060077409,0.11773493832310351,0.013730273466561103,-3351000.0,21.5014542884442
2024-09-30,STRA,USD,2187524000.0,383514000.0,470728000.0,285840000.0,138917000.0,1716796000.0,14755000.0,27748000.0,51491000.0,305958000.0,97674000.0,USA,0.06350421755372741,0.08091642804386777,0.012684660831149738,-58654000.0,21.50603614756443
2024-12-31,STRA,USD,2049735000.0,304943000.0,387236000.0,216460000.0,125226000.0,1662499000.0,14709000.0,25336000.0,15905000.0,311456000.0,88483000.0,USA,0.06109375114344049,0.07532395508207824,0.012360622226775657,-13691000.0,21.44097635344818
2025-03-31,STRA,USD,2074213000.0,328287000.0,430899000.0,259436000.0,119483000.0,1643314000.0,14797000.0,29744000.0,67656000.0,303590000.0,68851000.0,USA,0.05760401655953366,0.07270856330561293,0.014339896625852793,-5743000.0,21.452847641576884
2025-06-30,STRA,USD,2091523000.0,319943000.0,424806000.0,254480000.0,120302000.0,1666717000.0,14418000.0,32331000.0,31208000.0,321471000.0,65463000.0,USA,0.05751885109558919,0.07217902019359015,0.015458113537360096,819000.0,21.461158345678246
2010-12-31,YDUQS PARTICIPACOES S.A.,BRL,1449266242.3441815,703304911.7329171,1449266242.3441815,251287378.4075898,34305272.00672511,1055418518.073736,0.0,0.0,0.0,0.0,752790000.0,Brazil,0.023670786639752604,0.03250395119969688,0.0,,21.09432322553493
2011-03-31,YDUQS PARTICIPACOES S.A.,BRL,515639167.0250016,232547453.7748019,515639167.0250016,92785183.36507156,13882916.64107132,377324774.2490325,0.0,17649732.784569077,9458197.67799005,169435469.00915292,227519000.0,Brazil,0.02692370465410783,0.03679301649010903,0.034228844341673725,-20422355.36565379,20.060917790118204
2011-06-30,YDUQS PARTICIPACOES S.A.,BRL,560203166.0578094,225365634.81381783,560203166.0578094,91744536.30712044,75718772.03101967,387620970.3262193,0.0,28565019.547522917,10902390.56591681,548352239.953855,208489000.0,Brazil,0.13516305622450905,0.19534230041087622,0.05099046431411134,61835855.38994835,20.143810072430522
2011-09-30,YDUQS PARTICIPACOES S.A.,BRL,485795209.3223996,191615235.21795425,485795209.3223996,77138001.7263703,63570349.58998705,342081355.2006905,0.0,53344302.97798878,1570457.4881312042,616260789.8144152,212195000.0,Brazil,0.13085832953901852,0.18583400885059032,0.10980821126744923,-12148422.441032626,20.001297713064208
2011-12-31,YDUQS PARTICIPACOES S.A.,BRL,1709857607.5942616,793373686.7367074,1709857607.5942616,215457308.94352305,814023785.3981122,990243187.0300252,0.0,0.0,0.0,0.0,1083651000.0,Brazil,0.47607694452605837,0.8220443180624782,0.0,750453435.8081251,21.259675933581093
2012-03-31,YDUQS PARTICIPACOES S.A.,BRL,624209717.2659895,299283557.5075487,624209717.2659895,87662366.18171836,291277518.52868515,362113642.6022509,0.0,21914356.29975295,18990392.53362613,181472412.84655505,385468000.0,Brazil,0.46663406619888514,0.8043815097257387,0.03510736166642334,-522746266.869427,20.25199695523183
2012-06-30,YDUQS PARTICIPACOES S.A.,BRL,569605087.3459692,257574107.98238236,569605087.3459692,76328500.0247439,255709407.6310189,336086009.79858464,0.0,34663730.39045875,30986786.757064383,501507398.4262879,366243000.0,Brazil,0.4489240235238718,0.7608451413501705,0.060855724712663144,-35568110.897666246,20.160453849458197
2012-09-30,YDUQS PARTICIPACOES S.A.,BRL,610444827.586207,267361576.35467985,610444827.586207,87795566.50246307,283456157.635468,353066009.8522168,0.0,66302955.66502464,49805418.71921183,675500000.0000001,364519000.0,Brazil,0.464343614403774,0.8028418191660947,0.10861416571780409,27746750.0044491,20.229698474927027
2012-12-31,YDUQS PARTICIPACOES S.A.,BRL,1820661804.297812,750737187.3317343,1820661804.297812,283878799.7454599,821549757.697391,1038281364.7266142,0.0,0.0,0.0,0.0,953745000.0,Brazil,0.4512368830707931,0.7912592728789947,0.0,538093600.061923,21.322465900673272
2013-03-31,YDUQS PARTICIPACOES S.A.,BRL,954515199.6820984,591728591.297437,954515199.6820984,105039241.00933838,276988873.4353269,681172263.0637791,0.0,33102523.34591695,11165805.68249553,205272203.45718265,979803000.0,Brazil,0.29018801746434014,0.40663557290117086,0.03467993318172592,-544560884.2620642,20.676714125238068
2013-06-30,YDUQS PARTICIPACOES S.A.,BRL,889363431.1512417,538760270.8803612,889363431.1512417,86949887.13318285,247402257.33634317,646134537.2460498,0.0,72220316.02708805,31476297.968397293,587077200.9029346,1000760000.0,Brazil,0.27817903083342643,0.3828958878917375,0.08120450369046774,-29586616.098983705,20.606016518882598
2013-09-30,YDUQS PARTICIPACOES S.A.,BRL,940321162.6446576,575432403.3372208,940321162.6446576,102216291.37884632,251160850.45303667,685498788.9118148,0.0,128243025.02915582,64680183.00888131,777424867.6774019,1054988000.0,Brazil,0.2671011356871365,0.36639138466128923,0.1363821533788219,3758593.1166934967,20.661732037262954
2013-12-31,YDUQS PARTICIPACOES S.A.,BRL,2739518787.3612294,1626815969.2570453,2739518787.3612294,371616994.0222032,704285226.3023057,1944033304.8676343,0.0,0.0,0.0,0.0,2939676000.0,Brazil,0.2570835540721698,0.36228043240764296,0.0,453124375.84926903,21.731048116871857
2014-03-31,YDUQS PARTICIPACOES S.A.,BRL,1027500884.0169733,630824787.8359264,1027500884.0169733,152424858.5572843,247567185.28995755,728041902.4045261,0.0,55587429.27864215,17509282.17821782,237891177.5106082,1082332000.0,Brazil,0.2409410922568783,0.3400452425503393,0.05409964131741214,-456718041.0123482,20.750395364691446
2014-06-30,YDUQS PARTICIPACOES S.A.,BRL,1073626867.7051636,662738089.8315091,1073626867.7051636,123273082.33798082,244337163.35891727,795659657.5684636,0.0,135210954.17593893,60432808.02942912,779535401.2443798,1187848000.0,Brazil,0.22758108120112402,0.3070875355244374,0.1259384971102178,-3230021.931040287,20.794308349674402
2014-09-30,YDUQS PARTICIPACOES S.A.,BRL,1294731064.31603,494674338.8834476,1294731064.31603,139784116.87887692,237406137.77342477,987905648.05746,0.0,194977554.6849494,253116634.01893568,969982043.7479596,869623000.0,Brazil,0.1833632823962865,0.24031256248027486,0.1505930923098308,-6931025.585492492,20.981568838188192
2014-12-31,YDUQS PARTICIPACOES S.A.,BRL,3969934478.0840487,1667137370.0858562,3969934478.0840487,450480117.48757344,1331163578.8522367,2703185720.7410755,0.0,0.0,0.0,0.0,3230955000.0,Brazil,0.33531122143221787,0.49244251648654747,0.0,1093757441.078812,22.102015427248368
2015-03-31,YDUQS PARTICIPACOES S.A.,BRL,1190393153.3329177,550987715.9069653,1190393153.3329177,210728627.54879344,502302799.7755192,756062542.8696141,0.0,40712415.0402195,-20031489.68011474,225203903.4732182,1091347000.0,Brazil,0.42196378429189435,0.6643667306530529,0.03420081418162647,-828860779.0767176,20.897549470458113
2015-06-30,YDUQS PARTICIPACOES S.A.,BRL,1246495696.1862085,576908991.2634192,1246495696.1862085,188549921.0161514,502777007.6404784,829806892.5497276,0.0,127172700.60285632,24396015.345433444,732131596.7632741,1204651000.0,Brazil,0.40335238154353864,0.6058963984929164,0.1020241794592274,474207.86495918036,20.943602008203282
2015-09-30,YDUQS PARTICIPACOES S.A.,BRL,1088129248.2755148,541016816.8772972,1088129248.2755148,171199587.13055736,526362217.41100645,689015658.8288605,0.0,145164644.27773023,-9663662.454055686,741614974.069785,1468988000.0,Brazil,0.48373133820747305,0.7639336068293126,0.13340753822010532,23585209.770528078,20.807725772695548
2015-12-31,YDUQS PARTICIPACOES S.A.,BRL,3310103734.439834,1241241739.664976,3310103734.439834,584318170.1757082,1613105885.9689565,2004641667.9473388,0.0,0.0,0.0,0.0,2564761000.0,Brazil,0.48732789525157916,0.804685401765944,0.0,1086743668.55795,21.920245365554223
2016-03-31,YDUQS PARTICIPACOES S.A.,BRL,1201173594.1320293,440891998.9882809,1201173594.1320293,150381361.886294,457081190.4561167,789234184.8635584,0.0,36107691.87533373,84048000.44965293,222833375.48829496,1033724000.0,Brazil,0.3805288367052429,0.5791452007811042,0.030060344359655378,-1156024695.5128398,20.906564910924754
2016-06-30,YDUQS PARTICIPACOES S.A.,BRL,1300112177.489717,498361273.8377166,1300112177.489717,168034712.70098466,496058207.6529976,833917487.2242303,0.0,27465723.544808675,151305932.9427895,766509410.4449707,1060084000.0,Brazil,0.38155031253595123,0.5948528664438638,0.021125656708977262,38977017.19688094,20.985716388067807
2016-09-30,YDUQS PARTICIPACOES S.A.,BRL,1318593480.4042397,522966477.6928765,1318593480.4042397,216074377.61893025,499858269.6573823,868809157.0125709,0.0,116930305.64456496,155394688.19324625,970759489.7707666,996049000.0,Brazil,0.3790844389008668,0.5753372482584801,0.08867805535388949,3800062.0043846965,20.999831460299564
2016-12-31,YDUQS PARTICIPACOES S.A.,BRL,3812630351.388675,1338371950.2838728,3812630351.388675,862955961.3319011,1882828909.007212,2241528003.682676,0.0,0.0,0.0,0.0,1549143000.0,Brazil,0.49383987837200866,0.8399756353317264,0.0,1382970639.3498297,22.061585168823637
2017-03-31,YDUQS PARTICIPACOES S.A.,BRL,1361892164.9094007,512456594.4819749,1361892164.9094007,316054990.8453816,657239093.3771071,807978092.0512658,0.0,38457604.646758,14072858.13498327,258546625.41827133,622161000.0,Brazil,0.48259260924731856,0.8134367748864726,0.028238362505974453,-1225589815.6301048,21.03214086746397
2017-06-30,YDUQS PARTICIPACOES S.A.,BRL,1337828637.0782442,520603761.0351917,1337828637.0782442,318078062.6436087,625048978.1110171,827005683.8795502,0.0,137361833.35348895,48243439.35179587,799941951.8684243,669874000.0,Brazil,0.46721154024337164,0.7557976810738012,0.10267520783041455,-32190115.266090035,21.01431371651773
2017-09-30,YDUQS PARTICIPACOES S.A.,BRL,1387284207.8676517,635639957.0625749,1387284207.8676517,280328345.01483864,540763402.1594999,911279282.692429,0.0,185221948.6013765,108149902.12792826,1057205278.7775462,1125414000.0,Brazil,0.3898000129264711,0.5934112762464896,0.13351406117862105,-84285575.95151722,21.05061386562831
2017-12-31,YDUQS PARTICIPACOES S.A.,BRL,3647361976.1746383,1508871016.5084355,3647361976.1746383,764598173.7921026,1029184858.1967708,2519130132.430308,0.0,0.0,0.0,0.0,2461608000.0,Brazil,0.2821723933406199,0.4085477145255192,0.0,488421456.0372709,22.0172699969803
2018-03-31,YDUQS PARTICIPACOES S.A.,BRL,1291096533.4617238,544669595.5705345,1291096533.4617238,290505536.8319692,344335580.16369766,880549470.3899857,0.0,59387337.5060183,44651841.59845932,281574386.13384694,844638000.0,Brazil,0.2667001043217547,0.3910462634327577,0.04599759659085082,-684849278.0330732,20.97875772019186
2018-06-30,YDUQS PARTICIPACOES S.A.,BRL,1099224683.544304,444110811.3716539,1099224683.544304,227672234.90350696,221204606.764889,804010946.2544097,0.0,174088503.83897075,75170419.17410251,742692467.3168708,834414000.0,Brazil,0.20123693552044714,0.27512636214146047,0.15837390339311297,-123130973.39880866,20.817870935097535
2018-09-30,YDUQS PARTICIPACOES S.A.,BRL,1049549871.3561312,407697149.8513726,1049549871.3561312,202970299.50291008,213869557.61496764,780191092.3488122,0.0,205553668.22371545,224135338.34586465,900565033.847076,819583000.0,Brazil,0.20377264906776196,0.27412458269819573,0.19584935774239867,-7335049.149921358,20.77162721525378
2018-12-31,YDUQS PARTICIPACOES S.A.,BRL,3176756233.54499,1200733312.683909,3176756233.54499,998218987.1457334,1265626451.912653,2006666408.5488615,0.0,0.0,0.0,0.0,784581000.0,Brazil,0.3984021306225065,0.6307109375633102,0.0,1051756894.2976854,21.8791264607867
2019-03-31,YDUQS PARTICIPACOES S.A.,BRL,1450872924.206257,449037242.37057567,1450872924.206257,236972613.6392803,1046644593.31126,727879931.2132645,0.0,61804625.13795847,51517928.18459485,239374246.0409127,826225000.0,Brazil,0.7213895688927119,1.4379357754329942,0.042598234557151525,-218981858.60139298,21.09543122893351
2019-06-30,YDUQS PARTICIPACOES S.A.,BRL,1452184205.0318406,422522444.9316213,1452184205.0318406,169630180.6034033,988865747.9903958,791765841.9459234,0.0,164511692.24344924,111715210.35598709,743053032.6756448,968982000.0,Brazil,0.6809506291033608,1.2489371170143686,0.11328569176927672,-57778845.3208642,21.096334608272176
2019-09-30,YDUQS PARTICIPACOES S.A.,BRL,1378612085.1145587,399764397.9057592,1378612085.1145587,164074883.51986167,912766703.4920024,766616552.1879052,0.0,177864450.74211055,180405158.74921945,854058792.449205,981364000.0,Brazil,0.662091035866811,1.1906430938478803,0.12901704015406953,-76099044.49839342,21.044343094600062
2019-12-31,YDUQS PARTICIPACOES S.A.,BRL,4103490235.974293,1098496811.4935114,4103490235.974293,502372149.5744522,1687392620.5305078,2309385871.3183293,0.0,0.0,0.0,0.0,2402442000.0,Brazil,0.41120912284317146,0.7306672485907466,0.0,774625917.0385054,22.135103725592753
2020-03-31,YDUQS PARTICIPACOES S.A.,BRL,1468959042.7271502,641004405.4558396,1468959042.7271502,188083338.14278293,1142342779.0923605,630118120.0823377,0.0,32297955.02202728,78762624.80521728,177616629.15295973,2354329000.0,Brazil,0.7776546151835381,1.8129026014092249,0.021986967697932215,-545049841.4381473,21.107819852692387
2020-06-30,YDUQS PARTICIPACOES S.A.,BRL,1697465755.9265077,556526463.8199949,1697465755.9265077,374841290.1340542,1498289805.3110275,584276034.6276071,0.0,1607919.056142017,136096906.16210687,530639770.6103664,994799000.0,Brazil,0.8826627577492623,2.5643526629771394,0.0009472468298863476,355947026.21866703,21.25240224395447
2020-09-30,YDUQS PARTICIPACOES S.A.,BRL,1668587613.6947925,530862041.4531657,1668587613.6947925,259954788.0356731,1472386127.9055336,588854807.5388734,0.0,55548305.8811014,182750837.7511037,1371266112.3029733,1527944000.0,Brazil,0.8824146336824319,2.500423039865109,0.033290613825245584,-25903677.405493975,21.235243365232453
2020-12-31,YDUQS PARTICIPACOES S.A.,BRL,5346969265.410596,1579875483.5357285,5346969265.410596,746387482.9198822,4826017975.019726,1850408383.2104845,0.0,0.0,0.0,0.0,4330887000.0,Brazil,0.9025707340865244,2.6080826366807295,0.0,3353631847.114192,22.399795744890238
2021-03-31,YDUQS PARTICIPACOES S.A.,BRL,1692675935.190549,538551090.9824986,1692675935.190549,213423561.0090052,1575280952.1301806,571741710.1128724,0.0,7587726.227465023,33104253.33965278,379984201.3797461,1852154000.0,Brazil,0.9306453287249264,2.7552318193108407,0.004482680984420596,-3250737022.8895454,21.249576507239308
2021-06-30,YDUQS PARTICIPACOES S.A.,BRL,1927624160.268714,614971409.1490723,1927624160.268714,395319697.69673705,1754655310.3007038,652174504.1586692,0.0,55213331.73384517,69697696.73704414,1361010876.5195138,1098610000.0,Brazil,0.9102683741295824,2.6904690372161637,0.02864320383188616,179374358.17052317,21.379554076511997
2021-09-30,YDUQS PARTICIPACOES S.A.,BRL,1825367176.5830696,553589394.7194234,1825367176.5830696,459213429.43296313,1632419283.6655145,615303191.880562,0.0,56143266.89710966,125415716.70221372,1632378465.8380525,513292000.0,Brazil,0.8942963939568931,2.6530323671429734,0.030757245784491988,-122236026.6351893,21.325046996392597
2021-12-31,YDUQS PARTICIPACOES S.A.,BRL,5321490528.504094,1598716822.8821304,5321490528.504094,1003210989.4442552,5144860481.370633,1742818330.0775998,0.0,0.0,0.0,0.0,3322863000.0,Brazil,0.9668081628281855,2.952034869372504,0.0,3512441197.7051187,22.395019275589256
2022-03-31,YDUQS PARTICIPACOES S.A.,BRL,2122657476.990628,606358819.5558559,2122657476.990628,329340749.8100144,2000155154.9438488,695014565.5661573,0.0,16051465.000422193,56347420.41712405,503662078.8651525,1312290000.0,Brazil,0.9422882290832644,2.877860773053766,0.0075619666264662554,-3144705326.4267845,21.475934667503832
2022-06-30,YDUQS PARTICIPACOES S.A.,BRL,1886773208.080345,523271661.51143694,1886773208.080345,319414213.15920115,1835581968.1521368,601503608.6607859,0.0,-9666437.545346929,62583724.748921216,1322292740.672853,1067683000.0,Brazil,0.9728683661030508,3.0516557868022725,-0.005123264154880506,-164573186.79171205,21.358133909612945
2022-09-30,YDUQS PARTICIPACOES S.A.,BRL,1837625786.163522,531213096.5593785,1837625786.163522,256928227.89493155,1821204217.536071,561993710.691824,0.0,8321494.635590086,115035146.13392527,1701370699.2230856,1482784000.0,Brazil,0.9910637036380868,3.2406131650372694,0.004528394572087047,-14377750.61606574,21.331740241763303
2022-12-31,YDUQS PARTICIPACOES S.A.,BRL,5203584558.471181,1207832512.315271,5203584558.471181,636911885.9136301,4927982020.66282,1702128960.53363,0.0,0.0,0.0,0.0,2978550000.0,Brazil,0.947036022051435,2.895187224308704,0.0,3106777803.126749,22.372613563216905
2023-03-31,YDUQS PARTICIPACOES S.A.,BRL,1884662585.1411476,477260522.067798,1884662585.1411476,273836568.3688334,1786365211.2287886,613038505.4529706,0.0,29428323.949761804,59616914.05173433,517079018.8590102,1033353000.0,Brazil,0.9478435160291585,2.9139527049917584,0.015614637963196917,-3141616809.4340315,21.357014641898864
2023-06-30,YDUQS PARTICIPACOES S.A.,BRL,2017795002.697879,534785207.3216287,2017795002.697879,343336653.7998589,1912582700.369402,654142697.0489354,0.0,44325737.766156144,111434856.59735194,1630867471.8797991,922514000.0,Brazil,0.9478577842705509,2.923800432226372,0.021967413789255458,126217489.14061332,21.425271169326248
2023-09-30,YDUQS PARTICIPACOES S.A.,BRL,1956904333.9324944,511495106.8504095,1956904333.9324944,337582584.38186544,1805309366.8863592,649708008.7876973,0.0,73552626.3231476,170853405.23267427,2082869183.1435995,870780000.0,Brazil,0.9225332764522537,2.7786472422510546,0.037586214638985455,-107273333.48304272,21.39462964012486
2023-12-31,YDUQS PARTICIPACOES S.A.,BRL,5755941909.228004,1307222715.7229326,5755941909.228004,886350114.6528394,5340606730.431549,1894613382.362055,0.0,0.0,0.0,0.0,2037318000.0,Brazil,0.9278423609295666,2.8188372256577754,0.0,3535297363.54519,22.473498533708653
2024-03-31,YDUQS PARTICIPACOES S.A.,BRL,1921598406.5978065,461164825.0460405,1921598406.5978065,312526223.0763072,1738887220.754264,642976419.248939,0.0,30169549.203298904,59044359.03595164,586247097.4457523,742539000.0,Brazil,0.9049170808967141,2.7044338932140914,0.015700236375983546,-3601719509.677285,21.376423180083677
2024-06-30,YDUQS PARTICIPACOES S.A.,BRL,1690337513.2684453,391017937.1390533,1690337513.2684453,232887573.53867188,1581502617.706853,568181818.1818181,0.0,36047172.69668783,76463666.94852743,1473661011.4603386,878936000.0,Brazil,0.9356135122676484,2.7834446071640615,0.021325429042266735,-157384603.0474112,21.24819405793477
2024-09-30,YDUQS PARTICIPACOES S.A.,BRL,1736347131.7117944,418549426.3423589,1736347131.7117944,246703625.5162919,1611899586.9664984,593404681.0463516,0.0,87995043.59798072,172517852.22579166,1979288848.0954568,936130000.0,Brazil,0.928327957887886,2.7163580579179674,0.050678255511747795,30396969.259645462,21.275049393858577
