Country,Company,Variable,Transformation_Applied,Final_Stationary,Action
Brazil,COGNA EDUCAÇÃO S.A.,total_assets,Second Difference,True,Kept (Stationary/Transformed)
Brazil,SER EDUCACIONAL S.A.,total_assets,First Difference,True,Kept (Stationary/Transformed)
Brazil,YDUQS PARTICIPACOES S.A.,total_assets,First Difference,True,Kept (Stationary/Transformed)
Brazil,COGNA EDUCAÇÃO S.A.,current_assets,Second Difference,True,Kept (Stationary/Transformed)
Brazil,SER EDUCACIONAL S.A.,current_assets,First Difference,True,Kept (Stationary/Transformed)
Brazil,YDUQS PARTICIPACOES S.A.,current_assets,None,True,Kept (Stationary/Transformed)
Brazil,COGNA EDUCAÇÃO S.A.,total_liabilities,Second Difference,True,Kept (Stationary/Transformed)
Brazil,SER EDUCACIONAL S.A.,total_liabilities,First Difference,True,Kept (Stationary/Transformed)
Brazil,YDUQS PARTICIPACOES S.A.,total_liabilities,First Difference,True,Kept (Stationary/Transformed)
Brazil,COGNA EDUCAÇÃO S.A.,current_liabilities,Second Difference,True,Kept (Stationary/Transformed)
Brazil,SER EDUCACIONAL S.A.,current_liabilities,First Difference,True,Kept (Stationary/Transformed)
Brazil,YDUQS PARTICIPACOES S.A.,current_liabilities,Second Difference,True,Kept (Stationary/Transformed)
Brazil,COGNA EDUCAÇÃO S.A.,total_debt,First Difference,True,Kept (Stationary/Transformed)
Brazil,SER EDUCACIONAL S.A.,total_debt,Second Difference,True,Kept (Stationary/Transformed)
Brazil,YDUQS PARTICIPACOES S.A.,total_debt,First Difference,True,Kept (Stationary/Transformed)
Brazil,COGNA EDUCAÇÃO S.A.,shareholder_equity,Second Difference,True,Kept (Stationary/Transformed)
Brazil,SER EDUCACIONAL S.A.,shareholder_equity,Second Difference,True,Kept (Stationary/Transformed)
Brazil,YDUQS PARTICIPACOES S.A.,shareholder_equity,First Difference,True,Kept (Stationary/Transformed)
Brazil,COGNA EDUCAÇÃO S.A.,dividends_paid,First Difference,True,Kept (Stationary/Transformed)
Brazil,SER EDUCACIONAL S.A.,dividends_paid,None (Constant Series),True,Kept (Stationary/Transformed)
Brazil,YDUQS PARTICIPACOES S.A.,dividends_paid,None (Constant Series),True,Kept (Stationary/Transformed)
Brazil,COGNA EDUCAÇÃO S.A.,net_income,First Difference,True,Kept (Stationary/Transformed)
Brazil,SER EDUCACIONAL S.A.,net_income,First Difference,True,Kept (Stationary/Transformed)
Brazil,YDUQS PARTICIPACOES S.A.,net_income,First Difference,True,Kept (Stationary/Transformed)
Brazil,COGNA EDUCAÇÃO S.A.,operation_cash_flow,First Difference,True,Kept (Stationary/Transformed)
Brazil,SER EDUCACIONAL S.A.,operation_cash_flow,None,True,Kept (Stationary/Transformed)
Brazil,YDUQS PARTICIPACOES S.A.,operation_cash_flow,First Difference,True,Kept (Stationary/Transformed)
Brazil,COGNA EDUCAÇÃO S.A.,revenue,First Difference,True,Kept (Stationary/Transformed)
Brazil,SER EDUCACIONAL S.A.,revenue,First Difference,True,Kept (Stationary/Transformed)
Brazil,YDUQS PARTICIPACOES S.A.,revenue,First Difference,True,Kept (Stationary/Transformed)
Brazil,COGNA EDUCAÇÃO S.A.,working_capital,First Difference,True,Kept (Stationary/Transformed)
Brazil,SER EDUCACIONAL S.A.,working_capital,First Difference,True,Kept (Stationary/Transformed)
Brazil,YDUQS PARTICIPACOES S.A.,working_capital,First Difference,True,Kept (Stationary/Transformed)
Brazil,COGNA EDUCAÇÃO S.A.,debt_to_assets,First Difference,True,Kept (Stationary/Transformed)
Brazil,SER EDUCACIONAL S.A.,debt_to_assets,First Difference,True,Kept (Stationary/Transformed)
Brazil,YDUQS PARTICIPACOES S.A.,debt_to_assets,First Difference,True,Kept (Stationary/Transformed)
Brazil,COGNA EDUCAÇÃO S.A.,debt_to_equity,First Difference,True,Kept (Stationary/Transformed)
Brazil,SER EDUCACIONAL S.A.,debt_to_equity,First Difference,True,Kept (Stationary/Transformed)
Brazil,YDUQS PARTICIPACOES S.A.,debt_to_equity,First Difference,True,Kept (Stationary/Transformed)
Brazil,COGNA EDUCAÇÃO S.A.,roa,First Difference,True,Kept (Stationary/Transformed)
Brazil,SER EDUCACIONAL S.A.,roa,First Difference,True,Kept (Stationary/Transformed)
Brazil,YDUQS PARTICIPACOES S.A.,roa,First Difference,True,Kept (Stationary/Transformed)
Brazil,COGNA EDUCAÇÃO S.A.,debt_change,None,True,Kept (Stationary/Transformed)
Brazil,SER EDUCACIONAL S.A.,debt_change,First Difference,True,Kept (Stationary/Transformed)
Brazil,YDUQS PARTICIPACOES S.A.,debt_change,None,True,Kept (Stationary/Transformed)
USA,APEI,total_assets,None,True,Kept (Stationary/Transformed)
USA,ATGE,total_assets,First Difference,True,Kept (Stationary/Transformed)
USA,LOPE,total_assets,First Difference,True,Kept (Stationary/Transformed)
USA,STRA,total_assets,First Difference,True,Kept (Stationary/Transformed)
USA,APEI,current_assets,None,True,Kept (Stationary/Transformed)
USA,ATGE,current_assets,None,True,Kept (Stationary/Transformed)
USA,LOPE,current_assets,First Difference,True,Kept (Stationary/Transformed)
USA,STRA,current_assets,First Difference,True,Kept (Stationary/Transformed)
USA,APEI,total_liabilities,First Difference,True,Kept (Stationary/Transformed)
USA,ATGE,total_liabilities,First Difference,True,Kept (Stationary/Transformed)
USA,LOPE,total_liabilities,None,True,Kept (Stationary/Transformed)
USA,STRA,total_liabilities,First Difference,True,Kept (Stationary/Transformed)
USA,APEI,current_liabilities,Second Difference,True,Kept (Stationary/Transformed)
USA,ATGE,current_liabilities,Second Difference,True,Kept (Stationary/Transformed)
USA,LOPE,current_liabilities,First Difference,True,Kept (Stationary/Transformed)
USA,STRA,current_liabilities,Second Difference,True,Kept (Stationary/Transformed)
USA,APEI,total_debt,First Difference,True,Kept (Stationary/Transformed)
USA,ATGE,total_debt,First Difference,True,Kept (Stationary/Transformed)
USA,LOPE,total_debt,First Difference,True,Kept (Stationary/Transformed)
USA,STRA,total_debt,First Difference,True,Kept (Stationary/Transformed)
USA,APEI,shareholder_equity,First Difference,True,Kept (Stationary/Transformed)
USA,ATGE,shareholder_equity,First Difference,True,Kept (Stationary/Transformed)
USA,LOPE,shareholder_equity,First Difference,True,Kept (Stationary/Transformed)
USA,STRA,shareholder_equity,First Difference,True,Kept (Stationary/Transformed)
USA,APEI,dividends_paid,First Difference,True,Kept (Stationary/Transformed)
USA,ATGE,dividends_paid,None,True,Kept (Stationary/Transformed)
USA,LOPE,dividends_paid,None,True,Kept (Stationary/Transformed)
USA,STRA,dividends_paid,First Difference,True,Kept (Stationary/Transformed)
USA,APEI,net_income,None,True,Kept (Stationary/Transformed)
USA,ATGE,net_income,None,True,Kept (Stationary/Transformed)
USA,LOPE,net_income,First Difference,True,Kept (Stationary/Transformed)
USA,STRA,net_income,None,True,Kept (Stationary/Transformed)
USA,APEI,operation_cash_flow,None,True,Kept (Stationary/Transformed)
USA,ATGE,operation_cash_flow,Second Difference,True,Kept (Stationary/Transformed)
USA,LOPE,operation_cash_flow,First Difference,True,Kept (Stationary/Transformed)
USA,STRA,operation_cash_flow,First Difference,True,Kept (Stationary/Transformed)
USA,APEI,revenue,First Difference,True,Kept (Stationary/Transformed)
USA,ATGE,revenue,None,False,Removed (Non-Stationary)
USA,LOPE,revenue,First Difference,True,Kept (Stationary/Transformed)
USA,STRA,revenue,First Difference,True,Kept (Stationary/Transformed)
USA,APEI,working_capital,None,True,Kept (Stationary/Transformed)
USA,ATGE,working_capital,First Difference,True,Kept (Stationary/Transformed)
USA,LOPE,working_capital,First Difference,True,Kept (Stationary/Transformed)
USA,STRA,working_capital,None,True,Kept (Stationary/Transformed)
USA,APEI,debt_to_assets,First Difference,True,Kept (Stationary/Transformed)
USA,ATGE,debt_to_assets,First Difference,True,Kept (Stationary/Transformed)
USA,LOPE,debt_to_assets,None,True,Kept (Stationary/Transformed)
USA,STRA,debt_to_assets,First Difference,True,Kept (Stationary/Transformed)
USA,APEI,debt_to_equity,None,False,Removed (Non-Stationary)
USA,ATGE,debt_to_equity,First Difference,True,Kept (Stationary/Transformed)
USA,LOPE,debt_to_equity,First Difference,True,Kept (Stationary/Transformed)
USA,STRA,debt_to_equity,First Difference,True,Kept (Stationary/Transformed)
USA,APEI,roa,None,True,Kept (Stationary/Transformed)
USA,ATGE,roa,None,True,Kept (Stationary/Transformed)
USA,LOPE,roa,First Difference,True,Kept (Stationary/Transformed)
USA,STRA,roa,Second Difference,True,Kept (Stationary/Transformed)
USA,APEI,debt_change,Second Difference,True,Kept (Stationary/Transformed)
USA,ATGE,debt_change,Second Difference,True,Kept (Stationary/Transformed)
USA,LOPE,debt_change,Second Difference,True,Kept (Stationary/Transformed)
USA,STRA,debt_change,Second Difference,True,Kept (Stationary/Transformed)
