fiscalDateEnding,reportedCurrency,totalAssets,totalCurrentAssets,cashAndCashEquivalentsAtCarryingValue,cashAndShortTermInvestments,inventory,currentNetReceivables,totalNonCurrentAssets,propertyPlantEquipment,accumulatedDepreciationAmortizationPPE,intangibleAssets,intangibleAssetsExcludingGoodwill,goodwill,investments,longTermInvestments,shortTermInvestments,otherCurrentAssets,otherNonCurrentAssets,totalLiabilities,totalCurrentLiabilities,currentAccountsPayable,deferredRevenue,currentDebt,shortTermDebt,totalNonCurrentLiabilities,capitalLeaseObligations,longTermDebt,currentLongTermDebt,longTermDebtNoncurrent,shortLongTermDebtTotal,otherCurrentLiabilities,otherNonCurrentLiabilities,totalShareholderEquity,treasuryStock,retainedEarnings,commonStock,commonStockSharesOutstanding,operatingCashflow,paymentsForOperatingActivities,proceedsFromOperatingActivities,changeInOperatingLiabilities,changeInOperatingAssets,depreciationDepletionAndAmortization,capitalExpenditures,changeInReceivables,changeInInventory,profitLoss,cashflowFromInvestment,cashflowFromFinancing,proceedsFromRepaymentsOfShortTermDebt,paymentsForRepurchaseOfCommonStock,paymentsForRepurchaseOfEquity,paymentsForRepurchaseOfPreferredStock,dividendPayout,dividendPayoutCommonStock,dividendPayoutPreferredStock,proceedsFromIssuanceOfCommonStock,proceedsFromIssuanceOfLongTermDebtAndCapitalSecuritiesNet,proceedsFromIssuanceOfPreferredStock,proceedsFromRepurchaseOfEquity,proceedsFromSaleOfTreasuryStock,changeInCashAndCashEquivalents,changeInExchangeRate,netIncome,grossProfit,totalRevenue,costOfRevenue,costofGoodsAndServicesSold,operatingIncome,sellingGeneralAndAdministrative,researchAndDevelopment,operatingExpenses,investmentIncomeNet,netInterestIncome,interestIncome,interestExpense,nonInterestIncome,otherNonOperatingIncome,depreciation,depreciationAndAmortization,incomeBeforeTax,incomeTaxExpense,interestAndDebtExpense,netIncomeFromContinuingOperations,comprehensiveIncomeNetOfTax,ebit,ebitda
2025-06-30,USD,1021007000,422481000,192278000,192278000,None,34364000,598526000,None,None,155752000,155752000,160766000,None,None,181621000,14218000,None,243031000,118990000,24353000,None,None,13577000,124041000,107833000,None,None,None,107833000,66798000,1550000,777976000,None,2584110000,542000,28134000,124008000,None,None,None,None,9914000,8613000,None,None,None,-28860000,-47379000,None,None,None,None,None,None,None,None,None,None,-47379000,None,None,None,41546000,121342000,247499000,126157000,126157000,51789000,11411000,None,69553000,None,3226000,3226000,0,None,None,None,9914000,55015000,13469000,None,41546000,None,55015000,64929000
2025-03-31,USD,1031448000,436436000,144509000,144509000,None,115696000,595012000,None,None,157857000,157857000,160766000,None,None,160144000,16087000,None,250744000,128204000,24077000,None,None,13146000,122540000,105314000,None,None,None,105314000,57824000,1398000,780704000,None,2542564000,542000,28469000,67631000,None,None,None,None,9556000,8968000,None,None,None,-169888000,-77857000,None,None,None,None,None,None,None,None,None,None,-77857000,None,None,None,71618000,160824000,289310000,128486000,128486000,88023000,10366000,None,72801000,None,3381000,3381000,0,None,None,None,9556000,91404000,19786000,None,71618000,None,91404000,100960000
2024-12-31,USD,1018425000,419976000,324623000,324623000,None,83438000,598449000,None,None,159962000,159962000,160766000,None,None,0,11915000,None,234572000,110966000,26721000,None,None,12883000,123606000,108518000,None,None,None,108518000,62803000,1444000,783853000,None,2470946000,541000,28872000,135817000,None,None,None,None,9532000,9932000,None,None,None,-9932000,-64846000,None,None,None,None,None,None,None,None,None,None,-64846000,None,None,None,81879000,164242000,292573000,128331000,128331000,100027000,10568000,None,64215000,None,3925000,3925000,0,None,None,None,9532000,103952000,22073000,None,81879000,None,103952000,113484000
2024-09-30,USD,992926000,393375000,263584000,263584000,None,116388000,599551000,None,None,162066000,162066000,160766000,None,None,0,13403000,None,228789000,106551000,28081000,None,None,12358000,122238000,106972000,None,None,None,106972000,59563000,1492000,764137000,None,2389067000,541000,29164000,-29385000,None,None,None,None,9231000,9398000,None,None,None,91286000,-39634000,None,None,None,None,None,None,None,None,None,None,-39634000,None,None,None,41467000,119170000,238291000,119121000,119121000,48175000,14364000,None,70995000,None,4154000,4154000,0,None,None,None,9231000,52329000,10862000,None,41467000,None,52329000,61560000
2024-06-30,USD,992691000,389825000,241317000,241317000,1,34958000,602866000,None,None,164171000,164171000,160766000,None,None,100498000,13052000,None,233496000,107467000,22466000,None,None,23960000,126029000,109479000,None,None,None,109479000,53731000,1538000,759195000,None,2347600000,541000,29415000,98563000,None,None,None,None,9033000,9052000,None,None,None,-14729000,-38725000,None,None,None,None,None,None,None,None,None,None,-38725000,None,None,None,34878000,108355000,227463000,119108000,119108000,42719000,10636000,None,65636000,None,4110000,4112000,2000,None,None,None,9033000,46829000,11951000,None,34878000,None,46831000,55864000
2024-03-31,USD,1035571000,444453000,196208000,196208000,None,137248000,591118000,None,None,166276000,166276000,160766000,None,None,94485000,16512000,None,276124000,160126000,29827000,None,None,11336000,115998000,97297000,None,None,None,97297000,82393000,1583000,759447000,None,2312722000,541000,29639000,84963000,None,None,None,None,8758000,9051000,None,None,None,-5260000,-29970000,None,None,None,None,None,None,None,None,None,None,-29970000,None,None,None,68010000,152666000,274675000,122009000,122009000,84478000,10730000,None,68188000,None,3727000,3729000,2000,None,None,None,8758000,88205000,20195000,None,68010000,None,88207000,96965000
2023-12-31,USD,952021000,337522000,146475000,146475000,1,80127000,614499000,None,None,168381000,168381000,160766000,None,None,98031000,12889000,None,234007000,97033000,17676000,None,None,22048000,136974000,99281000,None,None,None,99281000,47059000,410000,718014000,None,2244712000,540000,29761000,116385000,None,None,None,None,8664000,10439000,None,272000,None,-9942000,-16839000,None,None,None,None,None,None,None,None,None,None,-16839000,None,None,None,80709000,156303000,278284000,121981000,121981000,97799000,10397000,None,58504000,None,2964000,2970000,6000,None,None,None,8664000,100763000,20054000,None,80709000,None,100769000,109433000
2023-09-30,USD,863156000,274738000,56871000,56871000,1,108245000,588418000,None,None,170485000,170485000,160766000,None,None,97553000,12069000,None,212626000,99515000,23696000,None,None,21036000,113111000,96519000,None,None,None,96519000,48455000,416000,650530000,None,2164003000,540000,29912000,-29851000,None,None,None,None,8160000,16908000,None,-272000,None,-22473000,-33730000,None,None,None,None,None,None,None,None,None,None,-33730000,None,None,None,35739000,108915000,221913000,112998000,112998000,41538000,12175000,None,67377000,None,2738000,2739000,1000,None,None,None,8160000,44276000,8537000,None,35739000,None,44277000,52437000
2023-06-30,USD,846217000,279549000,142925000,142925000,1,33719000,566668000,154709000,None,172590000,172590000,160766000,None,None,90444000,12461000,None,200792000,100445000,22842000,None,None,18678000,100347000,81955000,None,None,None,81955000,49740000,73039000,645425000,None,2128264000,540000,30287000,94129000,None,None,None,None,7507000,9256000,77889000,-77889000,None,-10923000,-45321000,None,None,None,None,None,None,None,None,None,None,-45321000,None,37885000,None,28973000,99228000,210577000,111349000,111349000,35442000,10875000,None,63786000,None,2583000,2590000,7000,None,2590000,None,7507000,38025000,9052000,None,28973000,None,38032000,45539000
2023-03-31,USD,874021000,315886000,105040000,105040000,None,105535000,558135000,150391000,None,174695000,174695000,160766000,None,None,89483000,15828000,None,214771000,119650000,21801000,None,None,17636000,95121000,75461000,None,None,None,75461000,43967000,67072000,659250000,None,2099291000,540000,30638000,62999000,None,None,None,None,7642000,8831000,-25158000,None,None,-37134000,-41234000,None,None,None,None,None,None,None,None,None,None,-41234000,None,-15369000,None,59564000,139264000,250125000,110861000,110861000,74477000,9788000,None,64787000,None,2134000,2153000,19000,None,2153000,None,7642000,76611000,17047000,None,59564000,None,76630000,84272000
2022-12-31,USD,832749000,273273000,120409000,120409000,None,80201000,559476000,147504000,None,176800000,176800000,160766000,None,None,61295000,11368000,None,195130000,99706000,20006000,None,None,17296000,95424000,77441000,None,None,None,77441000,50237000,69229000,637619000,None,2039727000,538000,30835000,110349000,None,None,None,None,7839000,9034000,23757000,None,None,-1821000,-28006000,None,None,None,None,None,None,None,None,None,None,-28006000,None,80522000,None,71027000,147803000,258700000,110897000,110897000,90678000,10168000,None,57125000,None,1330000,1327000,3000,None,1327000,None,7839000,92008000,20981000,None,71027000,None,92005000,99844000
2022-09-30,USD,784544000,223233000,39887000,39887000,1,104759000,561311000,144872000,None,178904000,178904000,160766000,None,None,68403000,10184000,None,192988000,95587000,18829000,None,None,17110000,97401000,79315000,70760000,None,None,79315000,53509000,442000,591556000,None,1968700000,538000,31387000,-35619000,None,None,None,None,7776000,11345000,-75443000,75443000,None,-15701000,-48194000,None,None,None,None,None,None,None,None,None,None,-48194000,None,-99514000,None,30008000,103844000,208720000,104876000,104876000,35512000,15576000,None,68332000,None,745000,745000,745000,None,745000,None,7776000,36257000,6249000,None,30008000,None,36257000,44033000
2022-06-30,USD,787303000,249852000,139401000,139401000,1,34694000,537451000,139632000,None,181009000,181009000,160766000,None,None,63867000,11890000,None,180665000,103716000,18139000,None,None,15398000,76949000,58053000,50354000,None,None,58053000,58189000,24000,606638000,-1635223000,1938692000,538000,31877000,75829000,None,None,None,None,7733000,8371000,76279000,None,None,-9904000,-128457000,None,None,None,None,None,None,None,None,None,None,-128457000,None,-62532000,None,25562000,95539000,199753000,104214000,104214000,33845000,9854000,None,61694000,None,339000,344000,5000,None,344000,None,7733000,34184000,8622000,None,25562000,None,34189000,41922000
2022-03-31,USD,918386000,380355000,201933000,201933000,None,102006000,538031000,136677000,None,183114000,183114000,160766000,None,None,62396000,14020000,None,211949000,132709000,29638000,None,None,15028000,79240000,59380000,51866000,None,None,59380000,55177000,30000,706437000,-1506766000,1913130000,538000,34901000,70260000,None,None,None,None,7829000,6879000,-31943000,None,None,-69713000,-399555000,None,None,None,None,None,None,None,None,None,None,-399555000,None,-399008000,None,58078000,140314000,244133000,103819000,103819000,77465000,9893000,None,62849000,None,205000,205000,205000,None,205000,None,7829000,77670000,19592000,None,58078000,None,77670000,85499000
2021-12-31,USD,1222745000,681045000,600941000,600941000,1,71338000,541700000,136120000,None,185219000,185219000,160766000,None,None,0,8766000,None,177698000,97944000,24306000,None,None,14852000,79754000,61181000,None,None,None,61181000,52881000,53792000,1045047000,-1107211000,1855052000,536000,39669000,104224000,None,None,None,None,7697000,7629000,29952000,25800000,None,962283000,-526568000,None,None,None,None,58056000,58056000,None,None,None,None,-443653000,None,539939000,None,85113000,155762000,251376000,95614000,95614000,102400000,8712000,None,53362000,None,6472000,7770000,1298000,None,33000,None,7697000,108872000,23759000,None,85113000,None,110170000,117867000
2021-09-30,USD,1680461000,173397000,61002000,61002000,1,101760000,1507064000,191753000,None,187323000,187323000,160766000,None,964912000,0,10635000,None,279685000,203842000,40667000,None,None,97905000,75843000,60674000,None,82915000,None,143589000,62016000,43000,1400776000,-663558000,1769939000,536000,44298000,-1434000,None,None,None,None,7685000,5733000,-80127000,None,None,228781000,-235793000,None,None,None,None,None,None,None,None,None,None,-192506000,None,-8446000,None,47658000,109022000,206767000,97745000,97745000,45316000,14451000,None,63706000,None,14290000,15031000,741000,None,218000,None,7685000,59824000,12166000,None,47658000,None,60565000,68250000
2021-06-30,USD,1846967000,147070000,69448000,69448000,-3006000,21218000,1699897000,192306000,None,189428000,189428000,160766000,None,1154912000,44415000,11989000,None,304284000,169007000,22452000,None,None,82991000,135277000,62524000,58057000,68145000,None,188726000,53750000,50000,1542683000,-461052000,1722281000,536000,45582000,120502000,None,None,None,None,7500000,7027000,76913000,None,None,-205266000,-71617000,None,None,None,None,None,None,None,None,None,None,-98331000,None,-156381000,None,49461000,106879000,201487000,94608000,94608000,50248000,9081000,None,56631000,None,14010000,14773000,763000,None,238000,None,7500000,64496000,15035000,None,49461000,None,65259000,72759000
2021-03-31,USD,1885027000,374320000,225829000,225829000,-8015000,97564000,1510707000,131929000,None,191533000,191533000,160766000,None,964912000,36443000,14484000,None,296349000,152811000,17224000,None,None,48194000,143538000,62583000,66344000,33144000,None,162071000,59277000,55165000,1588678000,-365721000,1672820000,536000,46300000,89827000,None,None,None,None,7531000,9001000,-29601000,4548000,None,-34819000,-74948000,None,None,None,None,None,None,None,None,None,None,-69342000,None,-19940000,None,78112000,143644000,236934000,93290000,93290000,84226000,9582000,None,59418000,None,13750000,14549000,799000,None,121000,None,7531000,98097000,19985000,None,78112000,None,98896000,106427000
2020-12-31,USD,1844579000,333742000,245769000,245769000,-10840000,68494000,1510837000,128657000,None,193638000,193638000,160766000,None,964912000,10840000,8639000,None,270250000,118718000,11178000,None,None,47930000,151532000,64004000,74630000,33144000,None,171778000,54205000,56614000,1574329000,-303379000,1594708000,533000,46655000,128740000,None,None,None,None,7498000,7548000,26862000,16046000,None,-5610000,-44311000,None,None,None,None,883000,883000,None,None,None,None,-36730000,None,78819000,None,86755000,147951000,238289000,90338000,90338000,97292000,10263000,None,50659000,None,13214000,14079000,865000,None,122000,None,7498000,111421000,24666000,None,86755000,None,112286000,119784000
2020-09-30,USD,1800562000,291757000,166950000,166950000,-12812000,98042000,1508805000,126679000,None,195742000,195742000,160766000,None,964912000,12812000,13953000,None,279579000,122663000,15337000,None,None,46618000,156916000,61443000,82916000,33144000,None,177503000,50468000,54712000,1520983000,-266649000,1507953000,532000,47095000,-40969000,None,None,None,None,7644000,10018000,-73496000,None,None,66836000,-31449000,None,None,None,None,None,None,None,None,None,None,-23267000,None,-5582000,None,52046000,109419000,198384000,88965000,88965000,51039000,14031000,None,58380000,None,14148000,15066000,918000,None,181000,None,7644000,65187000,13141000,None,52046000,None,66105000,73749000
2020-06-30,USD,1790284000,222619000,172532000,172532000,-14691000,22251000,1567665000,124066000,None,197847000,197847000,160766000,None,1039912000,14691000,13145000,None,300897000,150586000,19901000,None,None,42562000,150311000,45192000,91202000,33144000,None,169538000,42133000,40491000,1489387000,-243382000,1455907000,532000,47151000,135333000,None,None,None,None,7416000,6235000,61835000,None,None,-78699000,-16595000,None,None,None,None,None,None,None,None,None,None,-8311000,None,40039000,None,47010000,101021000,185768000,84747000,84747000,48310000,9501000,None,52711000,None,13650000,14723000,1073000,None,396000,None,7416000,62356000,15346000,None,47010000,None,63429000,70845000
2020-03-31,USD,1731602000,248324000,132493000,132493000,-17049000,84086000,1483278000,121349000,None,199952000,199952000,160766000,None,964912000,17049000,14696000,None,283594000,133084000,19222000,None,None,40646000,150510000,35922000,99488000,33144000,None,168554000,39794000,32182000,1448008000,-235071000,1408897000,532000,47764000,85719000,None,None,None,None,7094000,6141000,-28451000,-770000,None,-1878000,-73920000,None,None,None,None,None,None,None,None,None,None,-65706000,None,9921000,None,71385000,135159000,221655000,86496000,86496000,80796000,9565000,None,54363000,None,13164000,14710000,1546000,None,216000,None,7094000,94176000,22791000,None,71385000,None,95722000,102816000
2019-12-31,USD,1690289000,208344000,122272000,122272000,300000,56136000,1481945000,119734000,None,202057000,202057000,160766000,None,969912000,21601000,8335000,None,246856000,95230000,14835000,None,None,39312000,151626000,28603000,107774000,33144000,None,169521000,34487000,25532000,1443433000,-169365000,1341344000,531000,48112000,111210000,None,None,None,None,7054000,7282000,34619000,-729000,None,25235000,-133882000,None,None,None,None,3821000,3821000,None,None,None,None,-18493000,None,2563000,None,76669000,128162000,213247000,85085000,85085000,81972000,10148000,None,46190000,None,11929000,14872000,2943000,None,343000,None,7054000,94244000,17575000,None,76669000,None,97187000,104241000
2019-09-30,USD,1760672000,237544000,119709000,119709000,300000,92128000,1523128000,118637000,None,204236000,204236000,160871000,None,1009912000,14152000,11255000,None,378842000,124016000,20742000,None,None,50750000,254826000,28149000,211060000,45332000,None,284541000,39927000,25456000,1381830000,-150872000,1264675000,530000,48337000,5799000,None,None,None,None,6935000,5485000,-74909000,8417000,None,54652000,-6543000,None,None,None,None,None,None,None,None,None,None,-6953000,None,53908000,None,58151000,112809000,193289000,80480000,80480000,59734000,13556000,None,53075000,None,13333000,16208000,2875000,None,255000,None,6935000,73322000,15171000,None,58151000,None,76197000,83132000
2019-06-30,USD,1677522000,108717000,65801000,65801000,300000,17083000,1568805000,116772000,None,206415000,206415000,160871000,None,1069912000,14205000,11628000,None,349715000,113266000,18273000,None,None,52886000,236449000,13041000,207888000,48422000,None,269351000,32020000,10809000,1327807000,-143919000,1206524000,530000,48313000,112998000,None,None,None,None,6830000,5141000,41056000,2146000,None,-144910000,9246000,None,None,None,None,None,None,None,None,None,None,-340000,None,-22666000,None,51112000,97993000,174820000,76827000,76827000,50994000,9216000,None,46999000,None,11575000,14482000,2907000,None,2668000,None,6830000,65237000,14125000,None,51112000,None,68144000,74974000
2019-03-31,USD,1619473000,198208000,88467000,88467000,300000,82861000,1421265000,116239000,None,208594000,208594000,151228000,None,929998000,14243000,12637000,None,346600000,126002000,13295000,None,None,52600000,220598000,13266000,199994000,48422000,None,261682000,31439000,11177000,1272873000,-143579000,1155412000,529000,48274000,76337000,None,None,None,None,6100000,4743000,None,-2620000,None,-340852000,171269000,None,None,None,None,None,None,None,None,None,None,-18127000,None,-93246000,None,73243000,125569000,197287000,71718000,71718000,72431000,11489000,None,53138000,None,11149000,12268000,2586000,None,1119000,None,6100000,84699000,11456000,None,73243000,None,87285000,93385000
2018-12-31,USD,1324017000,309466000,120346000,120346000,61667000,51488000,1014551000,111039000,None,None,None,2941000,None,900093000,69002000,68630000,None,110420000,80518000,14274000,None,None,36468000,29902000,None,23437000,36468000,None,59905000,24334000,None,1213597000,-125452000,1082169000,527000,48422000,102549000,None,None,None,None,3890000,4375000,18021000,-4926000,None,-22506000,-4576000,None,None,None,None,4632000,4632000,None,None,None,None,-5470000,None,75467000,None,75531000,114866000,177548000,62682000,62682000,80149000,6695000,0,34717000,None,None,None,575000,None,3440000,None,3890000,93794000,18263000,None,75531000,None,94369000,98259000
2018-09-30,USD,1252691000,255199000,44879000,44879000,61667000,71292000,997492000,110908000,None,2941000,2941000,2941000,None,882900000,68754000,70274000,None,114333000,54936000,16996000,None,None,6572000,59397000,None,54976000,6572000,None,61548000,31368000,None,1138358000,-119982000,1006638000,526000,48422000,-47126000,None,None,None,None,3812000,11316000,-61717000,-11645000,None,-148294000,-7541000,None,None,None,None,0,0,None,None,None,None,-6225000,None,-202961000,None,33761000,86668000,155454000,68786000,68786000,29420000,10092000,0,57248000,None,None,None,558000,None,None,None,3812000,42481000,8720000,None,33761000,None,43039000,46851000
2018-06-30,USD,1399968000,1281570000,221632000,221632000,974353000,315000,118398000,112185000,None,2941000,2941000,2941000,None,829000,76522000,983101000,None,299668000,223831000,35444000,None,None,6572000,75837000,None,56619000,6572000,None,63191000,181769000,None,1100300000,-113757000,972877000,526000,48411000,24654000,None,None,None,None,14024000,43819000,-4226000,-3909000,None,-28910000,-1899000,None,None,None,None,0,0,None,None,None,None,-1031000,None,-6155000,None,46038000,95785000,236818000,141033000,141033000,58488000,46223000,0,37297000,None,None,None,57000,None,None,None,14024000,59998000,13960000,None,46038000,None,60055000,74079000
2018-03-31,USD,1391983000,435364000,242846000,242846000,72816000,10798000,956619000,950156000,None,2941000,2941000,2941000,None,739000,91910000,89810000,None,340971000,261666000,36100000,None,None,6670000,79305000,None,58274000,6670000,None,64944000,188662000,1131000,1051012000,-112726000,926683000,525000,48397000,119008000,None,None,None,None,13947000,35347000,-3558000,6333000,None,-38525000,-12829000,None,None,None,None,0,0,None,None,None,None,-12032000,None,67654000,None,73681000,126588000,275681000,149093000,149093000,90092000,46163000,0,36496000,None,None,None,346000,None,None,None,13947000,90727000,17046000,None,73681000,None,91073000,105020000
2017-12-31,USD,1303573000,374862000,153474000,153474000,94534000,12994000,928711000,922284000,None,2941000,2941000,2941000,None,509000,89271000,119123000,None,317622000,238135000,29139000,None,None,6691000,79487000,None,59925000,6691000,None,66616000,186123000,1200000,985951000,-100694000,854176000,523000,48382000,34971000,None,None,None,None,13761000,38198000,-4253000,-3014000,None,-39980000,-2729000,None,None,None,None,7372000,7372000,None,None,None,None,-1643000,None,-7738000,None,68256000,162485000,271418000,108933000,108933000,91346000,44906000,0,71139000,None,None,None,527000,None,None,None,13761000,91576000,23320000,None,68256000,None,92103000,105864000
2017-09-30,USD,1290930000,386846000,180142000,180142000,75604000,16789000,904084000,897540000,None,2941000,2941000,2941000,None,None,89609000,100306000,None,375209000,285063000,27523000,None,None,6680000,90146000,None,61596000,6680000,None,68276000,240110000,1341000,915721000,-99051000,785920000,522000,48292000,136267000,None,None,None,None,13611000,25891000,-6831000,5546000,None,-25401000,-842000,None,None,None,None,0,0,None,None,None,None,860000,None,110024000,None,39304000,96165000,236209000,140044000,140044000,59692000,44341000,0,36473000,None,None,None,567000,None,None,None,13611000,60570000,21266000,None,39304000,None,61137000,74748000
2017-06-30,USD,1168563000,272771000,66282000,66282000,79440000,15479000,895792000,888184000,None,2941000,2941000,2941000,None,None,89414000,101596000,None,296349000,204868000,22489000,None,None,6665000,91481000,None,63270000,69935000,None,69935000,172078000,1433000,872214000,-99051000,746616000,522000,48192000,24004000,None,None,None,None,13589000,30238000,-5354000,-3121000,None,-38095000,930000,None,None,None,None,0,0,None,None,None,None,-141000,None,-13161000,None,39847000,123271000,218301000,95030000,95030000,55088000,41143000,0,68183000,None,None,None,495000,None,None,None,13589000,55332000,15485000,None,39847000,None,55827000,69416000
2017-03-31,USD,1155260000,277922000,88541000,88541000,70342000,13855000,877338000,870289000,None,2941000,2941000,2941000,None,None,81557000,93969000,None,328737000,235145000,24114000,None,None,6651000,93592000,None,64943000,6651000,None,71594000,184849000,1606000,826523000,-98910000,706769000,519000,48070000,109656000,None,None,None,None,13267000,29627000,-3410000,1269000,None,-48588000,-33092000,None,None,None,None,0,0,None,None,None,None,-9516000,None,27976000,None,55912000,145632000,248206000,102574000,102574000,76628000,41913000,0,69004000,None,None,None,580000,None,None,None,13267000,76050000,20138000,None,55912000,None,76630000,89897000
2016-12-31,USD,1092493000,230068000,45976000,45976000,84931000,9538000,862425000,855528000,None,2941000,2941000,2941000,None,490000,62596000,111958000,None,318807000,226794000,24824000,None,None,31636000,92013000,None,66616000,31636000,None,98252000,167600000,1689000,773686000,-89394000,650916000,515000,47452000,3835000,None,None,None,None,12939000,39559000,-5464000,-6621000,None,-50001000,16999000,None,None,None,None,10016000,10016000,None,None,None,None,-53000,None,-29167000,None,47979000,142563000,244663000,102100000,102100000,76698000,42322000,0,65865000,None,None,None,497000,None,None,None,12939000,76400000,28421000,None,47979000,None,76897000,89836000
2016-09-30,USD,1072266000,232123000,75143000,75143000,69328000,16285000,840143000,832665000,None,2941000,2941000,2941000,None,None,49654000,91041000,None,355477000,266068000,28851000,None,None,18953000,89409000,300000,68276000,18793000,None,87369000,113551000,3512000,716789000,-89341000,602937000,513000,47175000,100427000,None,None,None,None,11499000,59076000,-6131000,-3748000,None,-59290000,-10548000,None,None,None,None,0,0,None,None,None,None,-782000,None,30589000,None,29244000,118696000,210444000,91748000,91748000,47066000,42244000,0,71630000,None,None,None,2635000,None,None,None,11499000,44431000,15187000,None,29244000,None,47066000,58565000
2016-06-30,USD,1004953000,200212000,44554000,44554000,70840000,9080000,804741000,794037000,None,2941000,2941000,2941000,None,None,49440000,97138000,None,324670000,233106000,39284000,None,None,31790000,91564000,340000,69935000,31790000,None,102065000,161982000,3767000,680283000,-88559000,573693000,511000,46990000,17706000,None,None,None,None,10778000,82885000,-5069000,7959000,None,-50697000,28752000,None,None,None,None,0,0,None,None,None,None,-52000,None,-4239000,None,27626000,106680000,191279000,84599000,84599000,44748000,37675000,0,61932000,None,None,None,158000,None,None,None,10778000,44883000,17257000,None,27626000,None,45041000,55819000
2016-03-31,USD,960703000,226097000,48793000,48793000,62481000,7454000,734606000,725091000,None,2941000,2941000,2941000,None,None,84128000,107369000,None,316498000,222693000,38019000,None,None,6788000,93805000,381000,71594000,6788000,None,78763000,159973000,4066000,644205000,-88507000,546067000,505000,46860000,96318000,None,None,None,None,10467000,57499000,-3676000,7735000,None,-56013000,-14548000,None,None,None,None,0,0,None,None,None,None,-19175000,None,25757000,None,43665000,132304000,226958000,94654000,94654000,68691000,40264000,0,63613000,None,None,None,329000,None,None,None,10467000,70410000,26745000,None,43665000,None,70739000,81206000
2015-12-31,USD,898430000,221345000,23036000,23036000,81832000,8298000,677085000,667483000,None,2941000,2941000,2941000,None,728000,83364000,100199000,None,288179000,188534000,34149000,None,None,7322000,99645000,788000,73252000,6625000,None,81362000,147034000,4302000,610251000,-69332000,502402000,503000,47337000,4890000,None,None,None,None,10315000,48595000,-4006000,-5393000,None,-47943000,-12088000,None,None,None,None,2871000,2871000,None,None,None,None,-11332000,None,-55141000,None,38114000,123527000,215954000,92427000,92427000,63135000,39995000,0,60392000,None,None,None,1105000,None,None,None,10315000,62030000,23916000,None,38114000,None,62550000,72865000
2015-09-30,USD,912611000,263233000,78177000,78177000,70388000,9500000,649378000,639631000,None,2941000,2941000,2941000,None,None,84016000,91540000,None,332974000,238783000,41482000,None,None,7218000,94191000,153000,75759000,None,None,83130000,189471000,3689000,579637000,-58000000,464288000,502000,47320000,87343000,None,None,None,None,8973000,57803000,-5342000,-4525000,None,-58286000,-1590000,None,None,None,None,0,0,None,None,None,None,171000,None,27467000,None,33342000,110213000,193393000,83180000,83180000,48984000,40042000,0,61229000,None,None,None,313000,None,201000,None,8973000,48872000,15530000,None,33342000,None,49185000,58158000
2015-06-30,USD,828941000,231077000,50710000,50710000,70137000,8158000,597864000,588275000,None,2941000,2941000,2941000,None,None,83533000,88676000,None,285614000,189457000,36410000,None,None,7138000,96157000,170000,76565000,None,None,83873000,145689000,3953000,543327000,-58000000,430946000,502000,47263000,13478000,None,None,None,None,8233000,66166000,-4913000,6604000,None,-48684000,-240000,None,None,None,None,0,0,None,None,None,None,-52000,None,-35446000,None,25776000,99369000,174726000,75357000,75357000,42256000,36906000,0,57113000,None,None,None,146000,None,127000,None,8233000,42237000,16461000,None,25776000,None,42383000,50616000
2015-03-31,USD,815570000,278081000,86156000,86156000,63981000,6689000,537489000,527729000,None,2941000,2941000,2941000,None,None,101015000,84221000,None,302381000,202366000,34316000,None,None,6710000,100015000,383000,78221000,None,None,85314000,145796000,4245000,513189000,-57948000,405170000,502000,47201000,68189000,None,None,None,None,8154000,45737000,-3052000,-4809000,None,-45968000,-1303000,None,None,None,None,0,0,None,None,None,None,-4178000,None,20918000,None,34179000,115440000,194127000,78687000,78687000,55986000,37729000,0,59454000,None,None,None,375000,None,257000,None,8154000,55868000,21689000,None,34179000,None,56243000,64397000
2014-12-31,USD,755713000,267045000,65238000,65238000,73989000,7605000,488668000,478170000,None,2941000,2941000,2941000,None,1332000,100784000,93418000,None,279481000,178711000,22715000,None,None,6707000,100770000,406000,80283000,6616000,None,86990000,144383000,4513000,476232000,-53770000,370991000,497000,45789000,10254000,None,None,None,None,8055000,27429000,-3526000,4999000,None,-1087000,-411000,None,None,None,None,0,0,None,None,None,None,859000,None,8756000,None,33093000,111421000,189973000,78552000,78552000,53536000,39221000,0,57885000,None,None,None,346000,None,307000,None,8055000,53497000,20404000,None,33093000,None,53843000,61898000
2014-09-30,USD,755498000,275171000,56482000,56482000,63741000,8289000,480327000,469294000,None,2941000,2941000,2941000,None,None,127126000,83274000,None,316008000,218256000,24655000,None,None,6704000,97752000,429000,81532000,None,None,88665000,179098002,4075000,439490000,-53770000,337898000,497000,47051000,67302000,None,None,None,None,7418000,59204000,-3548000,-6076000,None,-29838000,-1196000,None,None,None,None,0,0,None,None,None,None,332000,None,36268000,None,29016000,103342000,175056000,71714000,71714000,45956000,38964000,0,57386000,None,None,None,576000,None,43000,None,7418000,45423000,16407000,None,29016000,None,45999000,53417000
2014-06-30,USD,688544000,261134000,20214000,20214000,58705000,8515000,427410000,416242000,None,2941000,2941000,2941000,None,None,156492000,75913000,None,281251000,179870000,33290000,None,None,6701000,101381000,452000,83187000,None,None,90340000,133716000,6146000,407293000,-53770000,308882000,497000,46990000,35769000,None,None,None,None,7071000,54799000,-4397000,9611000,None,-53825000,-859000,None,None,None,None,0,0,None,None,None,None,-1095000,None,-18915000,None,23069000,90747000,158594000,67847000,67847000,37887000,35202000,0,52860000,None,None,None,356000,None,197000,None,7071000,37728000,14659000,None,23069000,None,38084000,45155000
2014-03-31,USD,655252000,277939000,39129000,39129000,56081000,7384000,377313000,365499000,None,2941000,2941000,2941000,None,None,157466000,73960000,None,274357000,169312000,27967000,None,None,6743000,105045000,475000,84840000,None,None,92014000,129565000,6551000,380895000,-52675000,285813000,496000,46841000,53671000,None,None,None,None,6929000,27214000,-3962000,-5462000,None,-76260000,5894000,None,None,None,None,0,0,None,None,None,None,-4243000,None,-16695000,None,26288000,96754000,167432000,70678000,70678000,43436000,34815000,0,53318000,None,None,None,523000,None,137000,None,6929000,43050000,16762000,None,26288000,None,43573000,50502000
2013-12-31,USD,616100000,263703000,55824000,55824000,69527000,10816000,352397000,339596000,None,2941000,2941000,2941000,None,None,108420000,88643000,None,271256000,165623000,24231000,None,None,6807000,105633000,497000,86493000,None,None,93686000,134578000,6811000,344844000,-48432000,259525000,489000,45205000,16663000,None,None,None,None,6835000,23113000,-4247000,535000,None,-67956000,301000,None,None,None,None,14816000,14816000,None,None,None,None,-287000,None,-50992000,None,26157000,94472000,162443000,67971000,67971000,40877000,37030000,0,53595000,None,None,None,609000,None,3863000,None,6835000,40372000,14215000,None,26157000,None,40981000,47816000
2013-09-30,USD,594075000,252464000,106816000,106816000,56244000,7986000,341611000,328423000,None,2941000,2941000,2941000,None,None,63492000,74170000,None,279758000,174396000,22934000,None,None,6694000,105362000,520000,88137000,None,None,95351000,143779000,6293000,314317000,-48145000,233368000,488000,46424000,57750000,None,None,None,None,6461000,25433000,-4737000,-7664000,None,-40486000,-1249000,None,None,None,None,0,0,None,None,None,None,-518000,None,16015000,None,22545000,87695000,152399000,64704000,64704000,37285000,33613000,0,50410000,None,None,None,528000,None,None,None,6461000,38259000,15714000,None,22545000,None,38787000,45248000
2013-06-30,USD,541666000,223597000,90801000,90801000,58640000,8645000,318069000,304327000,None,2941000,2941000,2941000,None,None,48439000,75712000,None,253116000,146486000,16326000,None,None,6691000,106630000,542000,89806000,None,None,97039000,39163000,6569000,288550000,-47627000,210823000,487000,45929000,12323000,None,None,None,None,6190000,28802000,-5538000,5657000,None,-53291000,4030000,None,None,None,None,0,0,None,None,None,None,-2485000,None,-36938000,None,19064000,79716000,141463000,61747000,61747000,31489000,32324000,0,48227000,None,None,None,439000,None,None,None,6190000,31112000,12048000,None,19064000,None,31551000,37741000
2013-03-31,USD,523894000,227998000,127739000,127739000,54959000,7651000,295896000,283584000,None,2941000,2941000,2941000,None,None,23802000,68806000,None,265430000,157674000,20353000,None,None,6689000,107756000,565000,91449000,None,None,98703000,31177000,7141000,258464000,-45142000,191759000,482000,45449000,31713000,None,None,None,None,5951000,16142000,-4641000,-7600000,None,-10765000,1680000,None,None,None,None,0,0,None,None,None,None,-6006000,None,22628000,None,20945000,82033000,142030000,59997000,59997000,33625000,31044000,0,48408000,None,None,None,668000,None,None,None,5951000,35152000,14207000,None,20945000,None,35820000,41771000
2012-12-31,USD,494923000,214174000,105111000,105111000,61445000,7951000,280749000,269162000,None,2941000,2941000,2941000,None,None,55964000,101112000,None,260864000,152727000,14174000,None,None,6688000,108137000,587000,93100000,None,None,100375000,36802000,7405000,234059000,-39136000,170814000,471000,45364000,19462000,None,None,None,None,6139000,30439000,-3596000,-16368000,None,-57289000,73294000,None,None,None,None,94871000,94871000,None,None,None,None,-10317000,None,35467000,None,20909000,82479000,141298000,58819000,58819000,33247000,11696000,0,49232000,None,None,None,260000,None,19000,None,6139000,33006000,12097000,None,20909000,None,33266000,39405000
2012-09-30,USD,423089000,154347000,69644000,69644000,62243000,9158000,268742000,256528000,None,2941000,2941000,2941000,None,None,57027000,75545000,None,205861000,173869000,25197000,None,None,1847000,31992000,609000,18681000,None,None,21137000,88864000,7589000,217228000,-28819000,149905000,469000,45339000,45159000,None,None,None,None,5620000,23983000,-6133000,6060000,None,-23983000,-2292000,None,None,None,None,0,0,None,None,None,None,-2947000,None,18884000,None,18471000,76214000,133568000,57354000,57354000,31203000,8561000,0,45011000,None,None,None,154000,None,16000,None,5620000,31065000,12594000,None,18471000,None,31219000,36839000
2012-06-30,USD,375098000,129229000,50760000,50760000,57831000,8363000,245869000,233273000,None,2941000,2941000,2941000,None,None,54482000,-42207000,None,176452000,145794000,19784000,None,None,1855000,30658000,631000,19124000,None,None,21610000,85413000,7716000,198646000,-25872000,131434000,468000,45169000,34396000,None,None,None,None,5132000,33578000,-4269000,17152000,None,-39059000,-1277000,None,None,None,None,0,0,None,None,None,None,-1978000,None,-5940000,None,15598000,65854000,119260000,53406000,53406000,25398000,7701000,0,40456000,None,None,None,78000,None,26000,None,5132000,25346000,9748000,None,15598000,None,25424000,30556000
2012-03-31,USD,349969000,130299000,56700000,56700000,52830000,7843000,219670000,207169000,None,2941000,2941000,2941000,None,None,50454000,-37528000,None,168099000,136134000,24660000,None,None,1835000,31965000,652000,19468000,None,None,21955000,70069000,7719000,181870000,-23894000,115836000,461000,45151000,45179000,None,None,None,None,5032000,16876000,-150000,6955000,None,-11215000,1547000,None,None,None,None,0,0,None,None,None,None,2311000,None,35511000,None,14469000,66307000,117131000,50824000,50824000,24204000,7544000,0,42103000,None,None,None,207000,None,10000,None,5032000,24007000,9538000,None,14469000,None,24214000,29246000
2011-12-31,USD,317847000,115414000,21189000,21189000,59468000,23676000,202433000,189947000,None,2941000,2941000,2941000,None,None,56115000,11081000,None,154554000,121505000,18523000,None,None,2209000,33049000,674000,19901000,None,None,22784000,20912000,7140000,163293000,-23894000,101367000,460000,44371000,31608000,None,None,None,None,4980000,19030000,-1943000,-701000,None,-27968000,-1450000,None,None,None,None,14676000,14676000,None,None,None,None,-741000,None,2190000,None,15324000,62366000,113005000,50639000,50639000,23312000,39054000,0,39054000,None,None,None,414000,None,10000,None,4980000,22908000,7584000,None,15324000,None,23322000,28302000
2011-09-30,USD,303060000,106784000,18999000,18999000,53965000,16333000,196276000,179545000,None,2941000,2941000,2941000,None,None,47177000,-29690000,None,156388000,128592000,22277000,None,None,2652000,27796000,695000,20329000,None,None,23676000,67849000,6772000,146672000,-23153000,86043000,459000,44787000,29465000,None,None,None,None,4228000,23239000,-12881000,-4798000,None,-25026000,-92000,None,None,None,None,0,0,None,None,None,None,-2000,None,4347000,None,12868000,59976000,108909000,48933000,48933000,20661000,8067000,0,39315000,None,None,None,170000,None,20000,None,4228000,20511000,7643000,None,12868000,None,20681000,24909000
2011-06-30,USD,289943000,109807000,14652000,14652000,51620000,32120000,180136000,161532000,None,2941000,2941000,2941000,None,None,45390000,-33975000,None,147284000,121123000,27480000,None,None,3070000,26161000,None,20769000,None,None,23839000,68359000,5392000,142659000,-23151000,84536000,459000,45018000,12613000,None,None,None,None,4000000,23608000,-7349000,-11568000,None,-19368000,-8836000,None,None,None,None,0,0,None,None,None,None,-8158000,None,-15591000,None,13258000,56764000,103118000,46354000,46354000,22662000,7038000,0,34747000,None,None,None,29000,None,26000,None,4000000,22659000,9401000,None,12873000,None,22043000,26043000
2011-03-31,USD,286464000,128286000,30243000,30243000,58883000,32369000,158178000,140655000,None,2941000,2941000,2941000,None,None,49740000,-42949000,None,151151000,127030000,27072000,None,None,3595000,24121000,10000,21432000,None,None,25037000,76677000,2679000,135313000,-14993000,71278000,458000,46089000,23413000,None,None,None,None,3826000,14668000,-6023000,7539000,None,-11915000,-14892000,None,None,None,None,0,0,None,None,None,None,-14211000,None,-3394000,None,11298000,52834000,101709000,48875000,48875000,19215000,6832000,0,36664000,None,None,None,107000,None,32000,None,3826000,19140000,7842000,None,9481000,None,16202000,20028000
2010-12-31,USD,284255000,142284000,33637000,33637000,9886000,33334000,141971000,123999000,None,2941000,2941000,2941000,None,None,52178000,13249000,None,147595000,122848000,15693000,None,None,3699000,24747000,None,22032000,None,None,25731000,87593000,None,136660000,-782000,59980000,458000,45590000,3570000,None,None,None,None,3557000,23032000,None,-15254000,None,-20095000,-309000,None,None,None,None,2175000,2175000,None,None,None,None,782000,None,None,None,7571000,63872000,100031000,36159000,36159000,11281000,23979000,0,52591000,None,None,None,207000,None,None,None,3557000,11111000,3540000,None,0,None,11318000,14875000
2010-09-30,USD,281542000,153074000,50471000,50471000,9204000,32722000,128468000,107169000,None,2941000,2941000,2941000,None,None,55875000,4802000,None,154437000,128982000,21659000,None,None,3437000,25455000,None,25455000,None,None,28892000,87120000,None,127105000,-782000,52409000,458000,46351000,50407000,None,None,None,None,3242000,17240000,None,16433000,None,-42457000,-899000,None,None,None,None,None,None,None,None,None,None,-782000,None,None,None,12918000,53229000,98946000,45717000,45717000,22138000,12681000,0,34738000,None,None,None,176000,None,None,None,3242000,21995000,9077000,None,0,None,18524000,21766000
2010-06-30,USD,237813000,132933000,43420000,43420000,42013000,42636000,104880000,85012000,None,2941000,2941000,2941000,None,None,30658000,-25794000,None,124506000,98973000,12053000,None,None,2810000,25533000,None,25533000,None,None,28343000,34212000,None,113307000,None,39491000,457000,46557000,-18953000,None,None,None,None,2648000,10764000,None,-1207000,None,-35219000,-291000,None,None,None,None,None,None,None,None,None,None,None,None,None,None,12396000,46174000,97522000,51148000,51148000,20512000,11675000,0,35152000,None,None,None,162000,None,None,None,2648000,20387000,7991000,None,0,None,11059000,13707000
2010-03-31,USD,221969000,129391000,97883000,97883000,13349000,13890000,92578000,75127000,None,2941000,2941000,2941000,None,None,6203000,-1934000,None,122833000,96953000,9317000,None,None,2846000,25880000,None,25880000,None,None,28726000,31254000,None,99136000,None,27095000,457000,46325000,49080000,None,None,None,None,2661000,11591000,None,31699000,None,-14035000,267000,None,None,None,None,None,None,None,None,None,None,None,None,None,None,11480000,52577000,89326000,36749000,36749000,19597000,37754000,0,32980000,None,None,None,344000,None,None,None,2661000,19314000,7834000,None,0,None,19658000,22319000
